request_id,requester_received_pizza
t3_l25d7,0
t3_rcb83,0
t3_lpu5j,0
t3_mxvj3,0
t3_1i6486,1
t3_14gmeb,0
t3_wcw5m,0
t3_of16d,1
t3_1ioo1k,0
t3_k0l9j,0
t3_16upcl,1
t3_z7nxl,0
t3_j1w49,0
t3_u90cl,0
t3_nrc9b,0
t3_icfj2,1
t3_13r18s,0
t3_1948qi,0
t3_zpzly,1
t3_1ltals,1
t3_llbbt,0
t3_or51b,0
t3_leh9u,0
t3_kfk0a,0
t3_n6guj,1
t3_xyddn,0
t3_px5vq,0
t3_yd17n,0
t3_14t8pe,0
t3_12ge8l,1
t3_1bbbuz,0
t3_1g2xtg,0
t3_k8871,0
t3_13jcdx,0
t3_1izuji,1
t3_o4ze3,0
t3_1e7t7h,0
t3_i4aiw,0
t3_z7i07,0
t3_1apfqa,1
t3_ly6a7,0
t3_rtzx6,1
t3_1ht64o,0
t3_rjyfr,0
t3_16p2bo,1
t3_t0dvv,0
t3_m706c,0
t3_l7hna,0
t3_1acwio,1
t3_yzjva,1
t3_1fvlpz,1
t3_vtgdh,1
t3_oa1bn,0
t3_wcr6k,0
t3_z9854,0
t3_vlcew,0
t3_pig5v,0
t3_icnsj,1
t3_1jg9ua,0
t3_11hnj3,1
t3_1ndzxb,1
t3_1nbc0n,1
t3_1edpii,1
t3_1lswd3,0
t3_1da9ae,0
t3_1kkxag,0
t3_ltlev,0
t3_1ltr2u,0
t3_if1m4,0
t3_17biu9,1
t3_mh41r,0
t3_1j5piq,0
t3_iahfy,0
t3_1b9jel,1
t3_idb6v,0
t3_18tytz,1
t3_1310xx,1
t3_wvu7d,0
t3_sw852,1
t3_wpvrz,0
t3_1d0sw9,1
t3_xn5kn,1
t3_u03i9,0
t3_lsn4v,0
t3_mmp99,0
t3_uj1h7,0
t3_12m83b,0
t3_17ihhv,0
t3_12rb3l,1
t3_mx9tf,1
t3_1f5nhl,0
t3_opobu,0
t3_18yxt1,0
t3_129f7v,0
t3_k1mjk,0
t3_1ffnnh,0
t3_1ljwiz,1
t3_1mjadx,1
t3_14ywna,0
t3_od17t,0
t3_rrh8h,0
t3_jz8if,1
t3_iddo8,1
t3_1ffkrg,1
t3_18g8j0,1
t3_ibsa9,0
t3_uj3t6,0
t3_1crwpr,1
t3_1er0fy,0
t3_1eemqq,1
t3_14aj2t,0
t3_18k1dz,1
t3_14voh5,0
t3_19qsle,1
t3_lpwg8,1
t3_10s41l,1
t3_1ncfcp,0
t3_wzdfb,1
t3_1k3bp9,1
t3_14sq09,0
t3_17dgf1,1
t3_1a1d5k,1
t3_is4bx,0
t3_r936p,0
t3_14vtze,0
t3_1d743u,0
t3_mzzxi,0
t3_q8i8i,0
t3_xs4sp,0
t3_iype1,1
t3_10wlb2,0
t3_1d7z1r,0
t3_1lsjll,0
t3_jjjr3,0
t3_p8lc5,0
t3_kynos,0
t3_ksmg6,0
t3_1i8m5d,0
t3_im138,0
t3_kvphl,0
t3_1m5kvu,1
t3_r6skb,0
t3_10ukdp,0
t3_idulw,0
t3_17i74u,1
t3_1ayawz,0
t3_107wh0,0
t3_1muiqm,1
t3_l0we8,0
t3_ie8kp,0
t3_v0yeh,1
t3_12eywo,0
t3_1ht5qu,0
t3_1h22pn,0
t3_hub23,0
t3_1ln1oz,1
t3_xkg32,0
t3_izvqk,0
t3_10ben6,0
t3_srvli,1
t3_oc6f8,0
t3_lcl28,1
t3_kjy8g,0
t3_zis4n,0
t3_189q84,0
t3_zkmeg,0
t3_jl0ye,0
t3_m3nk7,0
t3_wpyyz,1
t3_px5ws,0
t3_icsm3,0
t3_19570a,1
t3_wxb30,0
t3_upm24,1
t3_18h7g0,0
t3_1jpq2m,0
t3_j8yku,0
t3_13lbzi,0
t3_16y7id,0
t3_18zijt,0
t3_1j3tlg,0
t3_wqhuu,0
t3_vbswl,0
t3_1h3382,0
t3_zhcl1,1
t3_tj0s0,0
t3_krtse,0
t3_z1wyp,0
t3_1cxvc5,1
t3_kzxb4,0
t3_1bbhuw,0
t3_1meso5,1
t3_1dxr4r,0
t3_1hpzep,1
t3_1iimjc,1
t3_icw5d,0
t3_1kkqe9,1
t3_17bpmh,0
t3_iild5,0
t3_q7fxu,1
t3_1id2lm,0
t3_15mvwr,0
t3_162d1a,1
t3_14swrv,0
t3_1feuqr,0
t3_10w4n9,0
t3_w7d44,0
t3_if0ed,0
t3_z1pmn,1
t3_szxpk,0
t3_q49o2,0
t3_11h5fx,0
t3_jiprd,1
t3_k1tbk,0
t3_1nd4dt,0
t3_10gx5r,0
t3_uelsy,0
t3_roiuw,0
t3_pgkkz,0
t3_10pz0s,1
t3_vhwvk,0
t3_1glt4w,0
t3_1naeuj,1
t3_1me87e,0
t3_zrzdo,0
t3_1m576o,0
t3_1ejygu,0
t3_my19f,0
t3_ln1qn,1
t3_11ti05,0
t3_nxq14,0
t3_roird,0
t3_176he7,1
t3_m580l,0
t3_it4h2,1
t3_ongiw,0
t3_1f7t8a,1
t3_k5n0s,0
t3_1j4cpr,1
t3_uulv7,0
t3_1mt2g2,0
t3_r7qk1,0
t3_jt3mq,0
t3_yxozc,1
t3_us5ub,0
t3_vwcvk,0
t3_j6omo,0
t3_hv2b2,1
t3_mz7kn,0
t3_1l5diu,1
t3_1n1ors,1
t3_j24zb,1
t3_11kxvh,0
t3_19xmjp,0
t3_jgagi,0
t3_icc4d,0
t3_uxclh,0
t3_io5ug,0
t3_jzbel,1
t3_igo1i,0
t3_1dcf2z,0
t3_ovyi3,1
t3_zq13j,0
t3_v0bne,0
t3_js0jj,0
t3_qaoho,0
t3_sxf37,1
t3_iwsyv,0
t3_11djlk,1
t3_j48e9,0
t3_o3dra,0
t3_ki1iq,0
t3_l7y4a,1
t3_k4rlt,0
t3_wawei,0
t3_j6xcq,0
t3_yj539,0
t3_134w0p,0
t3_wi29z,0
t3_157zdf,0
t3_x80l6,0
t3_135bmx,0
t3_178fl6,1
t3_1n3y6g,1
t3_m6zgt,1
t3_ya1am,0
t3_huyb7,1
t3_15dlja,0
t3_1lc3ei,0
t3_y3otl,0
t3_zkvfi,1
t3_tc5sp,0
t3_mpdzz,1
t3_kn2wa,1
t3_1ml07a,0
t3_1j41yg,1
t3_x11f8,0
t3_pulck,1
t3_1lix8p,1
t3_yj8a6,0
t3_1e4lzb,0
t3_jsesk,0
t3_kpnkh,0
t3_j0ciu,0
t3_t27zl,0
t3_kma5h,0
t3_urqtw,1
t3_kj1cx,0
t3_1czbz2,0
t3_1g5mzq,1
t3_1fi22q,0
t3_1lulit,0
t3_xzu32,1
t3_ihz99,0
t3_o8g9k,0
t3_opr6p,0
t3_wos8r,0
t3_r4k7g,0
t3_pgqj4,0
t3_167hmn,1
t3_1l7qjw,1
t3_pa5of,0
t3_lbanx,0
t3_1032t1,0
t3_j75gy,0
t3_1h9ylg,1
t3_r16t9,0
t3_popxl,0
t3_151nhw,1
t3_16pg2e,1
t3_1hftkm,0
t3_ledg8,0
t3_1d14ic,0
t3_y3g5j,0
t3_wzpzd,1
t3_1a6jy2,1
t3_1ba16a,0
t3_1ex8js,1
t3_15qs5c,0
t3_1mj8t8,1
t3_11q3hl,1
t3_l9of0,0
t3_1bpjvp,1
t3_1iaod7,0
t3_1k0jhw,0
t3_n33bt,0
t3_lqhfe,1
t3_j66zi,0
t3_ikit3,0
t3_revjv,0
t3_1jwshe,1
t3_qseg2,0
t3_wez2u,1
t3_1e0uyz,1
t3_1hb731,1
t3_ytmqq,0
t3_zbcu8,0
t3_1lj6nv,0
t3_mwjqi,1
t3_izi35,0
t3_1dveio,0
t3_10j2a1,0
t3_10fc3l,0
t3_swnms,0
t3_iylg1,1
t3_uqk76,1
t3_1cdway,1
t3_kcm7i,0
t3_1e1xgr,0
t3_ux6ka,0
t3_vjdim,0
t3_i7pk6,1
t3_1mpt3t,1
t3_tfqqj,1
t3_scg6o,1
t3_1ejmg8,0
t3_1jkuj5,0
t3_kqrkn,1
t3_x88qi,1
t3_sz54v,0
t3_1kj23h,0
t3_flezd,0
t3_ict80,1
t3_1142bk,0
t3_14khk1,1
t3_wy35k,0
t3_1gxmkx,1
t3_1l831x,1
t3_ihij6,0
t3_1ddfpw,1
t3_1l297j,1
t3_1mug65,0
t3_rna66,1
t3_i9w6y,0
t3_1fmctc,1
t3_rsdh6,0
t3_opnwu,0
t3_vcq8s,0
t3_z5hnc,1
t3_ph959,0
t3_11hapu,0
t3_owjvm,0
t3_12m4dw,1
t3_jb6p3,1
t3_14sr9h,0
t3_1235kc,0
t3_19qika,1
t3_v8ltx,0
t3_kxh3z,1
t3_1apw7t,0
t3_lcoa8,1
t3_kr7pc,0
t3_p1179,0
t3_yhkii,0
t3_12qzfl,0
t3_yxo39,0
t3_1nehkl,0
t3_t6547,0
t3_kri7t,0
t3_u0e8s,0
t3_na9ck,0
t3_13ya6m,1
t3_139qw1,0
t3_iuahk,0
t3_oxcqd,1
t3_ub7hw,0
t3_qmods,0
t3_1i3zr6,1
t3_1cty5k,0
t3_1kwdw0,1
t3_19ycl3,0
t3_16gr7t,0
t3_1h7y09,0
t3_xx28w,0
t3_1lqkld,1
t3_1j6gpn,1
t3_1mg5fg,1
t3_rn683,1
t3_j46p8,1
t3_in0qw,1
t3_1j4pkv,1
t3_m2lsp,0
t3_1crb5i,1
t3_xeelk,1
t3_kr339,0
t3_or3rf,1
t3_rr9wx,0
t3_1n1qbc,1
t3_mmz3i,0
t3_umlrq,0
t3_1fhaz1,1
t3_lg6wm,0
t3_s5apt,0
t3_k5jz6,0
t3_websd,1
t3_14cq8l,0
t3_15cime,1
t3_1db1jf,0
t3_xnbcg,1
t3_14yly3,0
t3_qysgy,0
t3_p25h6,1
t3_rrtk0,0
t3_qx22x,0
t3_jyf1u,1
t3_19t19f,1
t3_1iw4au,0
t3_1dbt8e,0
t3_sqs7r,0
t3_iwhiq,0
t3_qi350,0
t3_j8f0g,1
t3_15nuxv,0
t3_rpdiz,0
t3_n1buu,1
t3_n1m47,1
t3_1ivane,1
t3_p8i8g,0
t3_1517ev,0
t3_1hwiuc,0
t3_z7xdo,1
t3_idwhf,0
t3_119rgh,0
t3_tbdfc,1
t3_kfvgc,0
t3_pynup,1
t3_w34ns,0
t3_ncogh,0
t3_icnyh,1
t3_jotm5,0
t3_w3t9i,0
t3_1jzxz7,0
t3_1ejvrl,1
t3_1je0om,0
t3_q12a1,0
t3_is7uc,1
t3_1091hq,1
t3_16nlh7,1
t3_toxi0,0
t3_1kk8i1,0
t3_r4box,0
t3_qsar9,0
t3_zqq84,0
t3_1c60fa,1
t3_tev42,1
t3_mkn51,1
t3_w8u6x,0
t3_1l2jgl,0
t3_1llrot,0
t3_1nehoo,1
t3_1kahng,1
t3_1eq5hr,1
t3_14x19i,0
t3_k4y7u,1
t3_tu076,0
t3_zixmq,1
t3_1mnhwm,1
t3_jz46l,1
t3_lqxnz,1
t3_1jd5t9,0
t3_154kz8,0
t3_x7wp5,1
t3_1mtgh9,1
t3_p8axs,1
t3_19xyza,1
t3_hw5vx,1
t3_j5z5a,0
t3_o450c,0
t3_qe4zn,1
t3_wm9q9,0
t3_13yr6a,1
t3_v477d,0
t3_vexr7,0
t3_1iayg1,0
t3_1lhdz9,0
t3_1cc30t,1
t3_1jtr9y,1
t3_itrkx,1
t3_11wso9,0
t3_13l0bg,1
t3_uazup,0
t3_p4bhk,0
t3_vyupq,1
t3_x18at,1
t3_jofpr,0
t3_1mmlp7,0
t3_ihe06,0
t3_m2t75,0
t3_11hkwu,0
t3_1j4hjb,0
t3_1fxkzy,0
t3_waksn,0
t3_1kty9m,1
t3_kx5g9,1
t3_ixsgt,0
t3_i7obb,0
t3_1mukqx,1
t3_kyth8,0
t3_15r2ea,1
t3_1eecka,1
t3_yg6vf,1
t3_leogq,1
t3_lhgee,0
t3_wulgs,1
t3_mr417,0
t3_sorhh,1
t3_1moe8s,0
t3_wqh5d,0
t3_1atgfe,1
t3_1elntj,0
t3_px0sh,0
t3_sgzz0,0
t3_pkin0,0
t3_y6igl,0
t3_obm7u,0
t3_rekw2,1
t3_1laja1,1
t3_1ltblw,0
t3_trm7n,0
t3_ruz5d,0
t3_1aquqd,1
t3_121puf,1
t3_jhtmr,0
t3_iu7mk,0
t3_1cy9jl,0
t3_tpt92,0
t3_llfkc,0
t3_1l7avh,1
t3_1d4pw9,0
t3_13fuev,0
t3_w0fy2,0
t3_imwyv,0
t3_144wnv,0
t3_ik3hj,0
t3_14ifug,0
t3_n2zxh,1
t3_njyij,0
t3_pgv5p,0
t3_1laxa0,0
t3_nylck,0
t3_p3ms6,0
t3_i41ca,0
t3_isw6m,0
t3_icpmu,0
t3_1bsy1i,1
t3_1lj50s,1
t3_ro7jh,0
t3_1a6prl,0
t3_j838f,0
t3_i8bgo,1
t3_16h22v,1
t3_11rnen,0
t3_11mmww,0
t3_11kbdf,0
t3_1iku0z,0
t3_13qwpa,0
t3_jsbkc,0
t3_ualoh,1
t3_nwamf,0
t3_jpelk,1
t3_z1o58,1
t3_iqne8,0
t3_hvxok,1
t3_u5xmo,0
t3_16wjkr,0
t3_1mrx1j,0
t3_l5bde,0
t3_1ctzuk,0
t3_o77z6,0
t3_xf08y,0
t3_medlt,1
t3_10aurm,1
t3_uxfza,0
t3_1lsz31,0
t3_hxe8a,0
t3_k0hn0,1
t3_ngtny,0
t3_i5sr5,0
t3_i3p8s,0
t3_tqd88,1
t3_1mtyhy,0
t3_1mkuh8,1
t3_kap2x,0
t3_133cg3,0
t3_lfob1,0
t3_jft2k,0
t3_leccn,1
t3_1ahkri,0
t3_185l84,0
t3_19yeyf,1
t3_m0qpr,1
t3_n1kit,1
t3_l85q7,0
t3_13mrf0,0
t3_1hkyhy,0
t3_zkkxp,1
t3_itfzk,0
t3_1bve6a,1
t3_1kya1w,0
t3_hzrki,0
t3_1l0vhw,0
t3_qht9n,0
t3_icvqh,0
t3_1j4f8b,1
t3_1b6136,0
t3_pykdb,0
t3_1ddgqj,0
t3_ptpmf,0
t3_16wb5q,0
t3_qvej1,0
t3_1d673k,1
t3_wuq1h,0
t3_1fd9qv,1
t3_1bimzj,0
t3_j869k,0
t3_lkn30,1
t3_p58x5,1
t3_pf7xu,0
t3_ryku2,1
t3_na04t,0
t3_xbpgo,0
t3_ich9n,0
t3_10ny1p,0
t3_1ejbbj,0
t3_n1o3t,0
t3_xcdxo,0
t3_1ifykb,1
t3_iaftz,0
t3_l8g1b,0
t3_mv2p0,1
t3_vurl4,0
t3_yt3rn,0
t3_r65sc,0
t3_iejp5,0
t3_17eltw,0
t3_1cxwov,1
t3_1e04ro,1
t3_154pzd,1
t3_jr5n2,0
t3_14ipl3,0
t3_qj1to,0
t3_rzs62,0
t3_1ge5t7,1
t3_14g8sq,0
t3_qsrgg,0
t3_1313en,1
t3_jruny,1
t3_jzgqa,0
t3_1lof0c,1
t3_mxzih,0
t3_14kzth,0
t3_1lkwgf,0
t3_1j2fdd,0
t3_vjsze,0
t3_yc850,1
t3_1n20xb,1
t3_p8wrm,0
t3_ifx03,0
t3_jf027,1
t3_1jyxj8,1
t3_1ian7f,0
t3_mhfrt,0
t3_1hty43,0
t3_hvtd1,0
t3_ublha,0
t3_16g44g,0
t3_132orm,0
t3_1cpt0u,1
t3_1lajal,0
t3_jg981,1
t3_ji3ev,0
t3_1amn1r,0
t3_iaj0g,0
t3_17lx74,1
t3_1na78o,1
t3_jak6v,1
t3_1grfk7,1
t3_i99c5,0
t3_1imwns,1
t3_1513tw,1
t3_14crrx,1
t3_14t8nk,0
t3_thhqb,0
t3_lum93,0
t3_qwlzl,0
t3_su88y,1
t3_1m1lri,0
t3_iuysl,0
t3_ucleb,0
t3_qkokx,0
t3_1ammcj,0
t3_i7pfu,0
t3_117x8e,0
t3_sy52f,1
t3_tjxkv,1
t3_nj2oc,1
t3_13e911,0
t3_ifbh8,1
t3_iyqth,1
t3_ujbvy,1
t3_1gtgh0,1
t3_1llud8,1
t3_rlm9n,0
t3_kfh1p,1
t3_krb3m,0
t3_z8wtl,0
t3_1f8wzs,1
t3_qmh2x,1
t3_jjvsg,1
t3_1mju70,1
t3_1h04nt,1
t3_muiih,1
t3_1jpir5,0
t3_mjnbq,0
t3_1lhrmf,0
t3_xljod,0
t3_mvmij,0
t3_r454z,0
t3_p9mhf,0
t3_k3mbm,0
t3_msbif,1
t3_105dda,0
t3_kv7ng,0
t3_ig6hm,0
t3_j55d2,1
t3_wnwnq,1
t3_utifl,0
t3_nkp9o,0
t3_hux4g,0
t3_11ndm0,0
t3_10rj64,0
t3_1elsjv,0
t3_wg45f,0
t3_veeyw,0
t3_sotbx,1
t3_kobn3,0
t3_18c24q,0
t3_1mkmc7,0
t3_zs16w,0
t3_j2o4w,0
t3_17alij,1
t3_pmmh9,0
t3_xqcyz,1
t3_jinqa,0
t3_1kkyau,1
t3_i6ciw,0
t3_12b3w7,0
t3_1mhp40,0
t3_1iv2wh,0
t3_p6zgo,0
t3_seser,0
t3_t0iin,0
t3_z19d1,1
t3_i4f5p,0
t3_yel08,0
t3_193nh9,0
t3_1lobcs,0
t3_1ld1zr,0
t3_t5zvr,0
t3_iqqh4,0
t3_i7emz,0
t3_1ehj0y,0
t3_jx8fn,1
t3_16op6o,0
t3_mr2km,1
t3_jbkeh,1
t3_msef6,0
t3_i5qmk,0
t3_wwfst,0
t3_ks28o,0
t3_n35vs,0
t3_mywl8,1
t3_vdav3,0
t3_1dtmzy,1
t3_14ceg8,0
t3_jk5tv,0
t3_lyldy,0
t3_mnono,0
t3_iawlc,0
t3_qysl8,0
t3_uebcn,0
t3_lm901,0
t3_18sldk,1
t3_igqxh,0
t3_151cmz,0
t3_v412k,0
t3_ja7v9,0
t3_1c8gp9,1
t3_19sead,0
t3_ij5u9,0
t3_trxk8,1
t3_k6cpz,0
t3_id312,0
t3_1jhyp2,1
t3_kkdjk,0
t3_1d18tc,0
t3_1jw1ig,1
t3_jb70d,0
t3_rs57d,0
t3_jwb1c,0
t3_17spch,0
t3_il2qy,0
t3_1516p2,1
t3_1kruz9,0
t3_1le5sz,1
t3_1icpql,1
t3_j5agd,1
t3_1llqlm,0
t3_19mdz6,0
t3_uio1a,0
t3_k9i30,0
t3_14yhq1,0
t3_js6sh,0
t3_pxbsn,0
t3_q8ycf,0
t3_uqlqx,0
t3_i9pfa,0
t3_j0aex,0
t3_uiw5r,0
t3_woken,1
t3_1ltm59,0
t3_119xz7,1
t3_1jy0x7,1
t3_m0nxw,0
t3_ktevc,1
t3_1n4znx,1
t3_ielvb,0
t3_1hhjs2,1
t3_jmrck,1
t3_1kyo8g,1
t3_1en7mg,1
t3_1f6b9w,0
t3_10qiks,0
t3_1cc1fm,0
t3_10q3b5,0
t3_n840z,1
t3_18a6wc,0
t3_1g5lfz,1
t3_ja4e2,0
t3_17ytg3,0
t3_1295t4,0
t3_hibdv,0
t3_1fhlps,0
t3_owjrg,0
t3_oabpo,0
t3_nakz9,0
t3_pqlxn,0
t3_y2xjx,0
t3_11ygnj,0
t3_htec8,0
t3_lhdt0,0
t3_xkoil,1
t3_15a40e,0
t3_il4a3,0
t3_1nb10u,0
t3_18s0cy,0
t3_w8j3r,1
t3_iyrge,0
t3_1c6tno,0
t3_wecef,0
t3_ptdnp,1
t3_rmf5x,0
t3_1mh5bj,0
t3_14f8ed,1
t3_j48po,1
t3_ieco0,0
t3_uu8m0,0
t3_1aw5zf,1
t3_jnm90,0
t3_11cqd5,0
t3_10d5w8,0
t3_qrplw,0
t3_187fqj,0
t3_jxci9,0
t3_v4fsy,0
t3_1fxzpb,1
t3_rrcc9,0
t3_1f3w97,1
t3_1cflvh,1
t3_129hun,0
t3_htd91,1
t3_1mqg1b,0
t3_q1fhz,0
t3_19g79c,1
t3_1ivpg0,1
t3_q4sgk,0
t3_hv7pl,0
t3_rx7v4,0
t3_1i6y0l,1
t3_iwdxn,0
t3_1f7i09,0
t3_tvwmt,0
t3_yx70a,1
t3_1cfm07,0
t3_ig0mf,0
t3_m6v9p,0
t3_12kfb2,0
t3_1en6yk,0
t3_y87jg,0
t3_1bvtgr,0
t3_ivw59,0
t3_x9tks,0
t3_1iv92l,0
t3_vxj3u,0
t3_w414u,0
t3_iil4h,1
t3_qm94i,0
t3_si96b,0
t3_1bao52,1
t3_144973,1
t3_iv5pi,0
t3_1f3xe8,0
t3_1awsjb,1
t3_x1shb,1
t3_1ey7st,1
t3_10oevo,0
t3_o19rg,0
t3_1i6786,1
t3_k3x4v,0
t3_1imqzn,0
t3_iajeu,0
t3_1do7ez,0
t3_1lngx7,0
t3_1dekja,0
t3_jiupg,0
t3_kptim,1
t3_1lvvea,1
t3_1f87zo,0
t3_1kz73q,1
t3_nb786,0
t3_130lw0,0
t3_qprm5,0
t3_tk9cn,0
t3_169luc,1
t3_l94vi,0
t3_j3bnz,0
t3_13s53x,0
t3_nvp4w,0
t3_11pen3,0
t3_1l59g9,0
t3_1mdjqu,0
t3_yemx8,1
t3_1a4uso,0
t3_o59yk,0
t3_svx9s,0
t3_11um5c,0
t3_wrm2q,0
t3_jcrr9,1
t3_18udmh,1
t3_tl7q7,1
t3_19h8rg,1
t3_162rga,0
t3_l460b,0
t3_kerxb,1
t3_ymc8x,0
t3_jb0kw,0
t3_15htf7,1
t3_1fhc8g,1
t3_x0ymn,0
t3_olc0m,0
t3_14ny01,1
t3_m22z8,0
t3_1h1ytg,1
t3_1mjrmt,1
t3_157fqg,1
t3_xlbva,0
t3_lrgth,1
t3_ktg8y,0
t3_tc5ny,0
t3_iswig,0
t3_1c9d5c,0
t3_jj4jj,1
t3_iv9ox,0
t3_y6hip,0
t3_umy6v,0
t3_hukj1,1
t3_1ajekk,0
t3_1itzpp,1
t3_pfkus,1
t3_wyw65,0
t3_mdqgh,0
t3_13rybt,1
t3_qagim,0
t3_jrysw,0
t3_1dayzb,0
t3_k81ce,1
t3_zfkyr,0
t3_myf58,0
t3_ju7zl,0
t3_m0sty,1
t3_pozkt,1
t3_ys2bs,1
t3_1if61u,1
t3_itaya,0
t3_iypiy,0
t3_srzwu,0
t3_qdtwi,0
t3_k7xui,0
t3_mfrzo,0
t3_16gqmg,1
t3_qbp0g,0
t3_tfla1,0
t3_16o8rx,0
t3_1la4qw,0
t3_wulo7,1
t3_1l3540,0
t3_1f1506,0
t3_riq8i,1
t3_xevib,0
t3_kpi2z,0
t3_187oid,0
t3_n02fx,0
t3_15z3s2,0
t3_qfcrx,0
t3_ukfxm,0
t3_z9lyp,0
t3_12af9e,0
t3_lzjvv,0
t3_l3a1p,0
t3_j1rc7,1
t3_1mes3v,1
t3_18od8n,1
t3_t3uat,1
t3_1lh2r9,1
t3_1fmkkt,0
t3_1molut,1
t3_qp3yp,0
t3_uubek,0
t3_1ewe42,1
t3_17tuw9,1
t3_ie861,0
t3_1hk0kc,1
t3_1bml26,1
t3_12r721,0
t3_kaip7,1
t3_mc8or,0
t3_w4jwd,0
t3_ondmh,0
t3_1iv1fe,1
t3_1mq3sd,1
t3_kwnc2,0
t3_1cta35,0
t3_1davss,0
t3_t3g7k,1
t3_wayzq,0
t3_1c9g46,0
t3_1l5oal,0
t3_kswyn,0
t3_191zkg,0
t3_krx2p,0
t3_zmoun,1
t3_1g7mg9,0
t3_j5z0p,0
t3_izodc,0
t3_1fhq21,0
t3_17k605,0
t3_odnwf,0
t3_160ppk,0
t3_17aq8d,0
t3_xc9l0,0
t3_183j1t,0
t3_1ffnaq,1
t3_1iv3bw,1
t3_mglcv,0
t3_12td6i,0
t3_jb79g,0
t3_11t8wr,1
t3_1i7mc9,0
t3_umiaz,0
t3_pedfi,0
t3_1k3p0i,0
t3_17mfhp,0
t3_1jutwq,1
t3_i4uex,0
t3_oaklg,0
t3_11pwrp,0
t3_x60iq,0
t3_rxvd9,0
t3_10bxbt,0
t3_kgmij,0
t3_ienv4,0
t3_1c6mlw,0
t3_1ihu3g,1
t3_jsxdy,0
t3_1lw0co,1
t3_mofqr,1
t3_1a7vt5,1
t3_rv81p,0
t3_12mhsp,0
t3_qc29b,1
t3_r3l0v,0
t3_ivze3,0
t3_1ci9u4,0
t3_tlfbv,0
t3_newr5,0
t3_14cflf,0
t3_1mm4im,0
t3_khd1w,1
t3_ri8zw,0
t3_kltwg,1
t3_lfdif,0
t3_hue7e,0
t3_jlt0e,0
t3_zuoiz,0
t3_k6kho,0
t3_rqba4,0
t3_10keao,0
t3_mbh9r,1
t3_iaeiq,0
t3_16ryqe,1
t3_pukrr,0
t3_nk0mc,0
t3_kj2tj,0
t3_11y6ha,0
t3_1cke6u,1
t3_14wh1k,1
t3_ybz2k,0
t3_t1v48,0
t3_n9m3n,0
t3_1kz1xj,1
t3_ki3f0,0
t3_hyi8k,0
t3_1eva7f,1
t3_1me01t,0
t3_11yzhr,0
t3_lkdh6,0
t3_101kt0,0
t3_1mur4f,0
t3_k2xlr,0
t3_i3tm6,0
t3_i2sdq,0
t3_xz1f7,0
t3_kuii8,0
t3_ikfbc,0
t3_zj7dp,0
t3_19vqlq,1
t3_124ixz,1
t3_ta8v7,1
t3_iguxb,0
t3_m3usy,1
t3_vekew,0
t3_11pnr3,0
t3_s2jyh,1
t3_ozqyn,1
t3_jdfh6,0
t3_1f6d2l,0
t3_jgbm8,1
t3_u8ulj,0
t3_ibkrr,0
t3_l9cc1,1
t3_1cfe7o,1
t3_1cyskn,0
t3_1dy638,1
t3_ksycv,0
t3_133nyb,0
t3_12hkef,0
t3_1gfuj5,1
t3_iv1oe,1
t3_1kmae0,1
t3_ig1vm,0
t3_13ump5,0
t3_x36zi,0
t3_1iaji5,1
t3_ifbuc,0
t3_1msykf,0
t3_sov1j,0
t3_o2zp5,0
t3_k84n9,0
t3_1b0h0o,0
t3_131abh,1
t3_1g2ias,1
t3_1ifdy8,1
t3_1lhw18,0
t3_jtgug,0
t3_1jhy34,1
t3_u2x1g,0
t3_xb4nc,1
t3_mqba5,0
t3_li7nr,1
t3_vhmko,0
t3_144ad5,1
t3_160gjx,1
t3_o8zvp,0
t3_1lls1w,0
t3_1m9jww,0
t3_1mtauc,1
t3_l5prn,1
t3_1dt792,0
t3_wv24t,1
t3_1aagwh,1
t3_s91ps,0
t3_iqt75,1
t3_1jlya3,1
t3_ws4cy,0
t3_jm28w,0
t3_11i3po,0
t3_kgy20,0
t3_1ju2j1,1
t3_mo597,0
t3_pkhyy,1
t3_svlxr,0
t3_1jgnj6,1
t3_1m28mz,1
t3_jq1rb,0
t3_iyulk,0
t3_k4snx,0
t3_1frcip,0
t3_lm0l0,0
t3_1f20o2,1
t3_hz7vk,0
t3_jhqic,0
t3_1jx6nd,1
t3_rdccm,0
t3_rmof0,1
t3_j55fd,0
t3_1bvqrf,1
t3_1mx8pz,0
t3_1enxtb,0
t3_1dai7c,0
t3_1mlyz0,1
t3_jg1tx,0
t3_zz6p5,1
t3_j4ms5,0
t3_1abbu1,1
t3_vav2k,1
t3_ujkj0,0
t3_j88fc,0
t3_rdzac,0
t3_uuwgc,1
t3_1mjg9b,1
t3_1izqab,0
t3_13ug6n,0
t3_lzkem,0
t3_1n1nv0,1
t3_qvcsv,0
t3_uhp3f,0
t3_13b5ve,0
t3_uck6l,1
t3_jnd7z,0
t3_12t3gq,1
t3_p3j6h,0
t3_t13t8,0
t3_w71p4,0
t3_iieek,0
t3_1iv74b,1
t3_hxj4d,0
t3_1ef88p,0
t3_wsinb,1
t3_sgqdb,0
t3_1iiqvf,0
t3_jf792,1
t3_11tivy,0
t3_1gfuky,0
t3_uhfo4,0
t3_x55d9,0
t3_ijyyg,0
t3_huozq,0
t3_p5o8n,1
t3_1dmzo2,1
t3_1jx6ex,0
t3_1cu1nc,0
t3_iddhq,0
t3_16ukpa,0
t3_1avgfp,0
t3_isapa,0
t3_x9pve,1
t3_1h4w4n,1
t3_1j8a3x,0
t3_jbtvg,0
t3_1jnlu1,0
t3_1j93fd,0
t3_1mc3ss,1
t3_1017ti,0
t3_v2gcl,0
t3_ic9o3,0
t3_1cp0qr,0
t3_ickap,0
t3_lcpa0,0
t3_1kelpk,0
t3_1kmo1i,1
t3_skv3g,1
t3_i49s7,0
t3_1k26f2,0
t3_r1cak,0
t3_jeudl,0
t3_r6uvo,0
t3_x93it,0
t3_mj5ju,1
t3_mxcqx,1
t3_1445z4,1
t3_m2sla,1
t3_1aulwp,1
t3_1aaxfv,0
t3_sg2is,0
t3_infkm,0
t3_zz1y6,1
t3_1lodmo,1
t3_1gtb6m,1
t3_j61nm,0
t3_1jnsxo,1
t3_jf24w,0
t3_1lq7rz,0
t3_1jpu8l,1
t3_16f9ay,0
t3_sp1fg,1
t3_zkc8o,0
t3_1njmj5,0
t3_1kgiqn,0
t3_ywjco,0
t3_idpsg,0
t3_1aex0q,0
t3_1ivgyp,0
t3_z8pyv,0
t3_q745h,1
t3_1exwj8,0
t3_1m1smt,0
t3_12f2yv,0
t3_1dym29,1
t3_iusix,0
t3_ifzpe,0
t3_j5vig,1
t3_ugm2u,0
t3_ma3ug,0
t3_s3mtl,0
t3_j67q0,0
t3_poa91,0
t3_1adibf,1
t3_1neb2a,0
t3_101z2h,1
t3_1ifb8a,1
t3_15pek8,0
t3_iw91m,0
t3_1ju3k0,0
t3_sujtn,0
t3_jombw,0
t3_1irtiu,1
t3_o31ku,0
t3_owlgk,0
t3_ijbt4,1
t3_niyvi,0
t3_1jr1qq,1
t3_10h20i,0
t3_1ifent,0
t3_lpztw,0
t3_14rldj,0
t3_1h5oec,0
t3_1b3xvv,1
t3_1ab9wo,0
t3_iir1z,0
t3_uw8f3,1
t3_jray4,0
t3_17ci8s,1
t3_icsqz,0
t3_wyzcp,0
t3_szbjh,0
t3_mvaiv,1
t3_14yl3j,0
t3_rojsh,0
t3_1kjz61,0
t3_101n9x,0
t3_y1swi,0
t3_1d8g9b,1
t3_k87xw,1
t3_1ks9hw,0
t3_121c2k,0
t3_107rut,1
t3_il751,1
t3_svw8j,0
t3_ux4gp,0
t3_1jiz3l,0
t3_kq6o8,0
t3_nylom,0
t3_mwbd6,0
t3_oe92x,0
t3_pyyai,0
t3_idmjj,0
t3_11zxa9,1
t3_124c7p,0
t3_m1tzt,0
t3_huphf,0
t3_m8vvc,0
t3_idf7f,1
t3_18sjqm,1
t3_w738j,0
t3_1ifvnz,0
t3_jatz5,0
t3_i8iq7,0
t3_jxhwl,0
t3_lylep,0
t3_12jdw9,0
t3_1mdson,1
t3_swk1k,0
t3_mvbkg,0
t3_10klk3,0
t3_jbns5,0
t3_xsd9r,0
t3_12vzjm,0
t3_1ktwwv,1
t3_tow71,0
t3_19d2sg,1
t3_o1unn,0
t3_144g0n,0
t3_vuunv,0
t3_1k5zsu,1
t3_mbyo8,0
t3_14sqs0,0
t3_o33qy,0
t3_ucbjy,0
t3_njs6f,1
t3_16q5ez,1
t3_p6o4h,1
t3_xixa9,0
t3_mdn29,0
t3_jyac3,0
t3_i9cf1,0
t3_j1hth,0
t3_1edtyp,0
t3_w8dxz,0
t3_101uyy,0
t3_xaqvl,0
t3_1m54n5,1
t3_jui7f,0
t3_xcuq7,1
t3_jyg7g,0
t3_16hgx6,0
t3_os1xx,0
t3_1kmezg,1
t3_1hbqef,0
t3_srnv2,0
t3_x19zb,1
t3_xyx9c,0
t3_qt4v3,0
t3_otcsq,0
t3_lpzmu,0
t3_vhvq1,0
t3_p84xp,0
t3_1alppm,1
t3_kitlo,0
t3_vwgnh,0
t3_id8n9,1
t3_z8ut8,0
t3_imjze,1
t3_1brsgw,0
t3_1l7zot,1
t3_rlqw0,0
t3_1j57s5,1
t3_1njxks,1
t3_14tjdf,1
t3_jrale,0
t3_1czj8l,1
t3_zsogn,1
t3_164hsj,0
t3_1miisj,0
t3_1i9rhr,0
t3_1bov7q,0
t3_11c4ia,0
t3_iy2ob,0
t3_icfjb,1
t3_1jna2p,0
t3_1inx86,1
t3_12y1ie,0
t3_nht3f,0
t3_1evcwh,1
t3_1ejj7t,0
t3_1k63va,0
t3_16wajn,0
t3_qwy2m,0
t3_j90ek,0
t3_ph76p,0
t3_jsz3b,0
t3_m1twq,0
t3_17jl6h,1
t3_kwpcp,0
t3_10sfld,0
t3_icph0,0
t3_17nxn9,1
t3_jugxr,0
t3_113ve9,0
t3_1ejphm,0
t3_w8r0d,0
t3_1ad48x,0
t3_1cw7b6,1
t3_14su5n,1
t3_1gqjs1,0
t3_t8wd1,1
t3_slh6k,0
t3_1nyrx1,0
t3_iaoil,1
t3_1d1niu,1
t3_li6dm,0
t3_jk7nj,0
t3_12hlxw,0
t3_tislv,0
t3_1ktigy,1
t3_j4ay7,0
t3_12p7c1,1
t3_13op3d,1
t3_mqiiz,0
t3_1kwizl,0
t3_wz6ms,0
t3_i67so,1
t3_1dybt6,1
t3_uv5bd,0
t3_1cavhs,0
t3_1j8boj,0
t3_1e4dic,0
t3_1euch4,1
t3_pypw7,0
t3_maz1g,0
t3_i94gr,1
t3_vwdiq,0
t3_idloh,1
t3_xb0l7,0
t3_1hdosr,1
t3_ma81t,0
t3_pxuna,0
t3_xknj8,1
t3_1ei0nh,1
t3_jza79,0
t3_zctqo,0
t3_l18ch,0
t3_jlxn4,0
t3_xbp12,1
t3_1eqkcw,0
t3_v8v5j,1
t3_1aw0ui,0
t3_soowc,0
t3_mak5d,1
t3_1g8m78,1
t3_tv7bm,0
t3_si6hr,1
t3_1krs90,0
t3_rn35l,0
t3_1ah3be,0
t3_oy9bv,0
t3_1akdmw,0
t3_whyuw,0
t3_14wql9,1
t3_1fcn22,1
t3_1ikx0m,1
t3_pob6f,0
t3_ifeu9,0
t3_isixq,0
t3_jr1lq,1
t3_i4kxs,0
t3_16cswq,1
t3_1mjf8o,0
t3_1hwx9u,0
t3_15e5xr,1
t3_i1clg,0
t3_jwijt,1
t3_qklf1,0
t3_ik4z9,0
t3_1ifl5x,1
t3_ikaoj,0
t3_1f3ehu,1
t3_il2l9,0
t3_w3yp6,0
t3_1eo0kr,1
t3_15qmi3,0
t3_ibx3y,0
t3_10ogaj,0
t3_14koem,0
t3_137ka6,0
t3_174u7e,1
t3_1lbmlb,1
t3_1iih7c,1
t3_xnb7e,0
t3_1iw3bk,0
t3_vcqbd,0
t3_la7ul,1
t3_17vva0,0
t3_11z0f9,0
t3_1i79he,0
t3_jr3w1,1
t3_lscav,0
t3_1bdk1n,0
t3_10wjqb,0
t3_wnwhi,0
t3_kvwx6,0
t3_k0cuj,0
t3_swb3m,0
t3_ndy6g,0
t3_16gdbu,1
t3_j4f1b,0
t3_1mwwqk,1
t3_v77cz,0
t3_17mpk5,0
t3_1lh7ir,1
t3_mk98a,0
t3_11yef6,0
t3_1djsub,0
t3_od50u,0
t3_1g76mq,1
t3_njowo,1
t3_jb46d,1
t3_j5c48,1
t3_10sh4y,1
t3_rx1kn,0
t3_1jjeka,1
t3_101vsv,1
t3_1aruca,0
t3_1l2aii,1
t3_13331n,1
t3_1fxt00,1
t3_13thom,0
t3_1naa40,1
t3_1a9c7a,0
t3_1es4fc,0
t3_li965,0
t3_11v41i,0
t3_10bsxp,0
t3_j51bx,0
t3_19hqs4,1
t3_1k8kgg,1
t3_t5soc,0
t3_m0x5b,1
t3_j79ay,0
t3_icfwu,0
t3_11ci8m,0
t3_1cfb3h,0
t3_je2hx,0
t3_pzkzj,0
t3_1i5ifg,0
t3_ohnq0,1
t3_w3q7n,1
t3_jygnk,0
t3_1ccwpb,0
t3_v6r0g,0
t3_lpp3p,0
t3_kjo6v,0
t3_10rvni,1
t3_yvy67,0
t3_1jr94y,1
t3_oijja,0
t3_j0g29,0
t3_144v2r,1
t3_k2m6f,0
t3_1epzt6,1
t3_1cr0e7,0
t3_1loly5,0
t3_iu8gt,1
t3_ljfjh,0
t3_1l33kn,1
t3_n175l,0
t3_1gomfq,0
t3_12m2y4,0
t3_icda4,1
t3_1f5c0t,0
t3_1lti3w,1
t3_p7my1,0
t3_k4vc2,0
t3_ibxcx,0
t3_r8jj3,0
t3_16pguo,0
t3_1hdv69,1
t3_165ar1,0
t3_ibv3g,0
t3_k5tc5,0
t3_1g3h1r,1
t3_1507or,1
t3_vnnkb,0
t3_13pfym,0
t3_kwzph,0
t3_jcuju,0
t3_1eovjy,0
t3_1iiiyn,0
t3_x782m,0
t3_jtbys,0
t3_ipslu,1
t3_tab3g,0
t3_w09z0,0
t3_yhec5,0
t3_1785hj,0
t3_1335d2,1
t3_1l39ub,1
t3_tbnpe,0
t3_iacsl,0
t3_1g7yy8,0
t3_jocl9,1
t3_yh4pg,1
t3_j87d2,1
t3_kemps,1
t3_14xo20,0
t3_1a6hkp,0
t3_1709m0,0
t3_hxha3,1
t3_1bta0s,1
t3_wal74,0
t3_16gep8,0
t3_i6ihq,1
t3_te3za,0
t3_j7uvc,0
t3_1mjuvd,0
t3_1lhldz,0
t3_kdax0,0
t3_16al3e,0
t3_j8ypi,1
t3_w275w,1
t3_jfe2h,1
t3_1nadhy,0
t3_ny71q,1
t3_t2043,1
t3_175kgc,1
t3_18o5oe,0
t3_lds70,0
t3_kysd6,1
t3_zmvrz,0
t3_1lxspb,0
t3_qhhxl,0
t3_jc1u4,0
t3_ma690,0
t3_zopxu,0
t3_q5xsi,0
t3_1exn3k,0
t3_jrd0h,0
t3_ivnss,0
t3_ol71r,0
t3_12za7y,0
t3_1m2eml,1
t3_1hc7aj,0
t3_sybhv,1
t3_l1y8x,0
t3_13shfa,1
t3_1n6s96,0
t3_lde2y,0
t3_1edsw6,1
t3_15wxdg,0
t3_1hyixu,0
t3_10pq58,0
t3_1msh0x,1
t3_jizyf,0
t3_iw5d0,0
t3_jnosh,0
t3_1kmi1j,0
t3_1jdq4q,1
t3_1nef8z,0
t3_wdwb0,0
t3_1c356v,1
t3_1gtriw,0
t3_1ingbc,0
t3_jtgr2,0
t3_10umqg,0
t3_1nrbxw,1
t3_xqeim,0
t3_mi9lo,0
t3_zl9mx,0
t3_tp8yo,1
t3_1ilc22,0
t3_if1u3,0
t3_10qczt,0
t3_k6557,0
t3_kcdmz,0
t3_1jg8a9,1
t3_1kfhz1,1
t3_1kghul,1
t3_sj1n4,0
t3_1mt1pn,1
t3_1kmqat,0
t3_j0r6n,1
t3_in7dr,0
t3_oblhl,0
t3_10i7ah,0
t3_kwwqk,1
t3_ma4bd,0
t3_14i983,1
t3_1109ol,0
t3_pdxob,0
t3_1i8r1l,0
t3_jsibf,0
t3_sdi2k,0
t3_1bo01c,1
t3_14kuxr,0
t3_kydq0,0
t3_jwild,0
t3_vb27s,0
t3_o7i9r,0
t3_s9wid,0
t3_pa1lo,0
t3_1l4tbw,1
t3_1055mk,0
t3_x63ac,0
t3_15xzhy,0
t3_vjsxk,0
t3_ild7d,0
t3_leer9,0
t3_1ml5ot,1
t3_hsgyo,1
t3_pnn3c,0
t3_1kymup,0
t3_x5x2l,1
t3_o7842,0
t3_1icvfx,0
t3_r022i,0
t3_1dytpv,1
t3_l38o7,0
t3_iapny,1
t3_lmclj,0
t3_pt4dr,0
t3_17rgbn,0
t3_195mf3,0
t3_1e5gew,0
t3_qpux2,0
t3_1mzfab,0
t3_1cw5y4,0
t3_liw3m,0
t3_iok9a,0
t3_usmgq,0
t3_iwyrc,0
t3_1866ui,0
t3_hu593,0
t3_htyob,0
t3_u36g0,0
t3_11szpu,0
t3_1d0i0j,1
t3_s1us6,1
t3_n5a6g,0
t3_ic5b5,0
t3_zwf27,1
t3_1ljhdy,1
t3_ke989,1
t3_ydx3y,0
t3_n7mur,1
t3_jh5mx,0
t3_qv45q,1
t3_1dafw3,0
t3_jixhl,0
t3_vutx2,1
t3_tneil,0
t3_x5uiq,0
t3_19cufc,0
t3_yfn0b,1
t3_10rx08,0
t3_j73fa,0
t3_j61o1,0
t3_wivqj,0
t3_n0qek,0
t3_10inbs,1
t3_16sgg7,1
t3_somxq,0
t3_tagb8,1
t3_1llhu2,0
t3_q22la,0
t3_118z7k,0
t3_hox6i,0
t3_1dtdcd,1
t3_vrm0z,0
t3_10nyhz,0
t3_qv83o,0
t3_ze85f,0
t3_jes98,0
t3_xbt0s,0
t3_kas3t,0
t3_m7sa1,0
t3_t0fl6,0
t3_l14d4,0
t3_1996pd,1
t3_xgvx1,0
t3_opkdn,1
t3_1na3ho,0
t3_y2pew,0
t3_x1guo,0
t3_i693s,1
t3_10rvrc,0
t3_11q9z7,0
t3_ixo28,0
t3_1kxb0f,0
t3_l6lv4,0
t3_ra40d,0
t3_1db9ne,0
t3_1m54cl,1
t3_15ftmj,1
t3_1ncc7t,0
t3_mzfyh,1
t3_17pb84,1
t3_qpu20,0
t3_18v2lo,1
t3_k3zar,0
t3_117xb4,1
t3_1ahck6,0
t3_oh0h4,0
t3_i7s77,0
t3_1glv50,1
t3_s94q3,0
t3_i8lcc,0
t3_kte8z,0
t3_kx48b,1
t3_12nnks,0
t3_1ay6kg,1
t3_10y7bf,0
t3_13n4wc,1
t3_1j6blu,0
t3_1judum,1
t3_thomi,0
t3_z3x7o,0
t3_nwtb9,1
t3_jz4my,1
t3_i4y7l,1
t3_162jlp,0
t3_meys2,1
t3_jr1ka,0
t3_1bvg8u,0
t3_1ee43k,1
t3_iardh,0
t3_11g7c1,1
t3_nh797,0
t3_117nr2,0
t3_160var,1
t3_1h0la8,1
t3_icbf1,1
t3_1n5bzc,0
t3_x6d3a,0
t3_1ne4h1,1
t3_1e7h44,0
t3_1l5nlk,0
t3_tpcwa,0
t3_tdqta,0
t3_16ibe1,0
t3_1bk62a,0
t3_q20mc,0
t3_19nxgf,0
t3_12xy6z,0
t3_lit9l,1
t3_1jn7fx,0
t3_1ljq51,0
t3_o8gnp,1
t3_12apt5,0
t3_jvamr,0
t3_ibqrr,0
t3_ivd1a,1
t3_1erh1c,1
t3_j7uxa,0
t3_qt3v7,1
t3_l5j81,0
t3_whggb,0
t3_iienh,0
t3_n6u50,0
t3_1dl7xz,1
t3_ixx2j,0
t3_1lzgcg,0
t3_1b9snd,1
t3_t2mwr,0
t3_i8ia0,0
t3_utfrj,1
t3_1kd6kj,1
t3_pmnm3,1
t3_uidcj,0
t3_tk9mh,1
t3_1lw152,1
t3_xtydk,0
t3_1g9has,0
t3_k9667,0
t3_1bdwn4,1
t3_kde1y,0
t3_14tq1i,0
t3_q9437,0
t3_kutpx,1
t3_irsb9,0
t3_i7crh,0
t3_ofpdj,0
t3_jhx9e,0
t3_i0pq0,0
t3_wwavt,0
t3_tjtxc,1
t3_19vwzi,1
t3_jadje,1
t3_1fjr73,1
t3_1ayjhe,0
t3_1e4wnn,1
t3_18jhc4,0
t3_s2l24,1
t3_vc4hg,1
t3_v94b3,0
t3_v5k8z,1
t3_1dyffq,1
t3_1cvswq,0
t3_1cruwy,1
t3_17tola,1
t3_14ekl4,1
t3_sxkga,0
t3_1bydsc,1
t3_12w748,0
t3_n2vwy,0
t3_1bdmvl,0
t3_jka9v,1
t3_idpcz,0
t3_jrz3f,0
t3_1ihmtb,0
t3_1j4qoa,0
t3_1bmde1,1
t3_iczex,0
t3_k5k4b,1
t3_1gzq6z,1
t3_jh8ly,0
t3_yluzq,1
t3_11ydyn,1
t3_l58wd,0
t3_1ip9i8,0
t3_1lixj3,0
t3_1eitdr,0
t3_nwwmb,0
t3_oobtt,0
t3_x00as,1
t3_mwxr8,0
t3_m1ugu,0
t3_1np61k,0
t3_1hh66k,1
t3_j0bk0,1
t3_lwvxc,0
t3_1j6ymx,0
t3_1jggjo,1
t3_rk57w,0
t3_1j2fzv,1
t3_1d94gz,1
t3_189m64,1
t3_lza8c,0
t3_l68nr,0
t3_128ih7,0
t3_18ufau,0
t3_qdiop,0
t3_113zd6,1
t3_ui4vt,1
t3_uog0c,0
t3_1gxorf,0
t3_1ecljc,0
t3_10i6xc,1
t3_n6qo2,0
t3_14tc0g,0
t3_15cj9s,0
t3_kaemz,0
t3_1dkdtq,1
t3_14dtyz,0
t3_nczhy,0
t3_10na75,0
t3_is2rj,0
t3_izjt4,0
t3_19ulmv,0
t3_1l5eze,0
t3_uyl41,0
t3_xcezy,0
t3_107hh7,0
t3_1e7pw1,1
t3_1gu3j5,1
t3_1lw1mn,0
t3_ifd2k,0
t3_10576h,0
t3_rlqcj,1
t3_12p14p,0
t3_1niqoy,0
t3_l73kc,1
t3_1elkjb,1
t3_zxwp7,0
t3_kwvtp,0
t3_vzsx5,0
t3_1cua9e,0
t3_1lui8z,0
t3_128sfo,0
t3_lgws5,0
t3_1is4rs,1
t3_ru4vj,0
t3_routl,0
t3_1efr8q,0
t3_1bhrf4,1
t3_o8nap,0
t3_1lbper,1
t3_ifkoa,0
t3_1484sj,0
t3_14t5b8,0
t3_1ne448,0
t3_irmmk,1
t3_kt9zp,1
t3_19xxg4,0
t3_n5je7,1
t3_jf3r5,1
t3_pdr5c,0
t3_t07rd,1
t3_1gc7u9,0
t3_pq07v,0
t3_tqyet,0
t3_k99oh,0
t3_1cfduv,1
t3_1irx8j,0
t3_14uwjl,1
t3_jzjv6,0
t3_rru4b,0
t3_wwlqz,1
t3_1cc949,1
t3_1nut28,1
t3_yhqes,0
t3_jqwa9,1
t3_lf60i,0
t3_17g6l7,0
t3_igjev,0
t3_1fu8yx,0
t3_kl2qa,0
t3_vr6nt,1
t3_kxix5,0
t3_i5lr2,1
t3_1j43ni,0
t3_1ne4je,1
t3_1krjd9,1
t3_1bkslu,0
t3_1akbeb,1
t3_uf2x1,0
t3_rmysa,1
t3_1id2hk,1
t3_i79uv,1
t3_jlj01,1
t3_kvoic,1
t3_iqryn,0
t3_j0rku,0
t3_170iqa,0
t3_1ehr1g,1
t3_xnxm7,0
t3_jas9j,0
t3_jod1x,0
t3_m10ju,0
t3_qzw8j,0
t3_jy62z,0
t3_lab4w,0
t3_1mg7w7,0
t3_1mi7hs,1
t3_1cxyk4,0
t3_1j6f12,0
t3_15uf6h,0
t3_19xue1,0
t3_ilryc,1
t3_17pqos,1
t3_14icx0,0
t3_1k03r5,0
t3_1lail7,0
t3_rgzga,0
t3_okh6v,0
t3_pzdct,0
t3_pe178,0
t3_x87gl,0
t3_1bezf4,0
t3_1evf62,0
t3_xdes5,0
t3_jyjhi,0
t3_1inw6k,0
t3_1l7iq5,0
t3_1bj56g,1
t3_jibiu,1
t3_n47ak,0
t3_yhpux,0
t3_lkcdk,0
t3_r3sm8,0
t3_16805o,1
t3_17ifsw,0
t3_1mamex,1
t3_182za3,0
t3_u3n8x,1
t3_ihbnf,0
t3_1ljh06,0
t3_j4gtp,0
t3_m5ohi,0
t3_uuwle,0
t3_p89qz,0
t3_1lrg7w,0
t3_xp43w,1
t3_19r2jz,0
t3_wgr8s,0
t3_1bh26l,0
t3_ieg2u,0
t3_pfemq,0
t3_q70zy,0
t3_18r5lh,0
t3_pb1sl,1
t3_1gck35,0
t3_wd8ky,0
t3_11lmex,1
t3_1342ph,0
t3_u8sig,1
t3_1jwjz1,0
t3_1hu814,1
t3_1dviqi,1
t3_ixtoq,0
t3_xl5wz,1
t3_phjlw,1
t3_k3zte,0
t3_1co4xc,0
t3_huujf,0
t3_1kkvey,0
t3_10xzjp,0
t3_ilsq5,1
t3_1b0zza,0
t3_12ok9j,0
t3_ryqh6,1
t3_ssyae,0
t3_1n9ywx,1
t3_1184d2,0
t3_ocy5a,1
t3_kbmzh,1
t3_p4bbz,0
t3_1g8r0o,0
t3_soeo5,0
t3_1bdmw6,0
t3_1cbaha,0
t3_rsi7x,0
t3_1kb25b,0
t3_wus8i,0
t3_m5hy1,0
t3_16vnx8,0
t3_1ftucp,0
t3_pa63g,1
t3_inmm0,0
t3_hxvb6,0
t3_u3lgo,0
t3_sw0ci,0
t3_1cwhzy,1
t3_ixy0f,0
t3_10aewu,0
t3_n843d,0
t3_1dine4,0
t3_uok70,1
t3_1bxfj3,0
t3_wkg7i,0
t3_kteng,0
t3_1fxr0z,0
t3_ska6s,0
t3_1kfekm,1
t3_1lfil3,0
t3_17kz10,1
t3_1cqpvz,0
t3_u1pjd,0
t3_wshre,0
t3_1o2qn4,1
t3_nacny,0
t3_zj7ws,0
t3_icpqh,0
t3_o1xgp,0
t3_i2ph8,0
t3_yi4kv,0
t3_zo7x6,0
t3_neuhh,0
t3_iaf3s,1
t3_nctcy,0
t3_1hr8yq,0
t3_lm2ge,1
t3_jirrd,0
t3_wkmpp,0
t3_l4hr9,0
t3_w3slx,0
t3_14077c,1
t3_1ios7g,0
t3_hhgic,0
t3_j0uqt,0
t3_12etl1,1
t3_15v1mc,0
t3_10l8qm,0
t3_16w4zn,0
t3_m2yup,0
t3_12txr6,0
t3_y3e7l,0
t3_1iudib,0
t3_i5so4,1
t3_1k51re,0
t3_1bvr8d,0
t3_oqt3g,1
t3_j0q0q,1
t3_om5sm,0
t3_p7h7w,0
t3_l65kv,0
t3_t468d,1
t3_1eh62x,1
t3_1llpxo,0
t3_kmqvq,0
t3_1jafc3,1
t3_16s4f9,0
t3_w8ha8,1
t3_1gvv2z,0
t3_174132,1
t3_15cmbc,1
t3_1m6wo6,1
t3_1m7fur,1
t3_1hz51l,0
t3_1j33z9,0
t3_nyzle,1
t3_103w8n,0
t3_ys1wm,0
t3_ije3d,0
t3_ogx8x,0
t3_1fydsv,1
t3_1m0q97,0
t3_1dg2a4,0
t3_1ifrk1,0
t3_1291w9,0
t3_107e7j,0
t3_1ew6xg,0
t3_j5qdl,0
t3_l25d5,1
t3_kr8h8,0
t3_15uw0s,1
t3_195mut,0
t3_14xiay,1
t3_i04fh,0
t3_z2w4j,0
t3_pb65f,1
t3_q8zng,0
t3_zwfro,1
t3_18vx3q,0
t3_yftq6,1
t3_ikmmp,0
t3_yg26s,1
t3_ugq11,1
t3_rn4lx,1
t3_k3k13,0
t3_q8kcl,0
t3_qktdu,0
t3_qg3tl,0
t3_1iarkw,1
t3_1cwnn0,1
t3_1lcy20,1
t3_1mh2tl,0
t3_1jrtu8,1
t3_jcufy,1
t3_hyf1p,1
t3_1nv8jq,1
t3_uh6yf,1
t3_objkf,0
t3_zqs0z,0
t3_lkau4,0
t3_191lh2,0
t3_1aj0ch,0
t3_1211sa,0
t3_12racv,1
t3_iomu0,0
t3_1jmqr8,1
t3_iq5rd,0
t3_ytyy6,0
t3_1lb8zm,0
t3_173905,1
t3_10mlm1,0
t3_jjq9w,1
t3_lqa86,1
t3_nzysy,0
t3_1fqbbq,1
t3_n90yo,1
t3_j79wu,1
t3_j6wv1,0
t3_12min2,0
t3_yzwec,0
t3_w5mni,0
t3_jo3bu,0
t3_skt7g,0
t3_w61sg,0
t3_kwj17,0
t3_1ejldw,0
t3_193tya,0
t3_uamvp,0
t3_13u12r,1
t3_1hpzqs,0
t3_14t6np,0
t3_13iiyh,1
t3_1lr3i8,1
t3_11fmfp,0
t3_wls0u,0
t3_139ljx,0
t3_ibkc4,1
t3_144tva,1
t3_hvof7,0
t3_1k8hgw,1
t3_15g1rr,1
t3_ng075,1
t3_pwfsm,0
t3_mu6m5,1
t3_1i06ov,1
t3_jck08,0
t3_wst3o,0
t3_10bqot,0
t3_14qxzk,0
t3_11bdrf,0
t3_kod7s,1
t3_joe6g,1
t3_mx3t6,0
t3_txxhe,1
t3_x89xn,0
t3_jnmv8,0
t3_hrurv,1
t3_1lg4zo,0
t3_146rcc,0
t3_icfnk,1
t3_matz6,0
t3_s3e85,0
t3_127cdj,0
t3_1c8na6,1
t3_td0yv,0
t3_jii22,0
t3_iy464,0
t3_oykqi,0
t3_tdw3i,1
t3_ipti5,0
t3_1dn8ys,0
t3_tb5nc,1
t3_ny0r1,0
t3_qwu55,0
t3_x1ehz,0
t3_1i26al,0
t3_1djsvl,1
t3_i5nsa,0
t3_13hdci,0
t3_ip3mm,1
t3_15uhll,1
t3_x3zw7,0
t3_ibybv,1
t3_xjnsg,0
t3_1667t9,0
t3_lef1h,1
t3_jsdsk,1
t3_1adsra,0
t3_ibvsr,0
t3_m3wli,1
t3_ikg6e,0
t3_tx7u2,0
t3_13uiu9,0
t3_14t9hd,0
t3_15s56c,1
t3_1lj5z5,0
t3_hrudm,1
t3_lx5xj,0
t3_ni1uh,0
t3_huz3x,1
t3_1gb0m2,1
t3_twhwh,0
t3_xwgmp,0
t3_zuz6j,1
t3_i7zc7,0
t3_lfmlt,0
t3_mndly,0
t3_m44y4,0
t3_wt7zz,0
t3_jl6fb,0
t3_mihxn,0
t3_1n0elq,0
t3_iftx0,1
t3_pb6rm,0
t3_wujgp,0
t3_1mwoxx,0
t3_1k3rlu,1
t3_yv9x1,0
t3_1n2pk1,1
t3_1l7rcu,0
t3_jssxl,0
t3_rpw8f,1
t3_p8qqs,0
t3_147zyr,0
t3_15c29t,1
t3_xj0rc,1
t3_s332h,0
t3_ks7mt,1
t3_jise8,0
t3_xa3sp,0
t3_1jp4vc,1
t3_1afu30,1
t3_s0t6p,0
t3_1m0e5o,0
t3_io6ru,0
t3_iesyg,0
t3_x37fw,0
t3_y42wf,0
t3_1m0gzm,0
t3_1kbjq5,0
t3_ibwma,1
t3_12l6ii,1
t3_10u70o,0
t3_1izxda,1
t3_s7k0h,0
t3_1argwx,1
t3_1ih4cz,0
t3_j78hw,0
t3_119not,0
t3_l3l3g,0
t3_k6zox,0
t3_ydmzc,1
t3_1a26f9,0
t3_zj8fs,0
t3_zkbg4,0
t3_17vux6,0
t3_17mumg,0
t3_1mbflf,1
t3_15jmv1,0
t3_1mrx1d,1
t3_ob0s4,0
t3_10ebw3,0
t3_1iv792,0
t3_14sq9y,0
t3_idoeh,0
t3_1fot3u,1
t3_1bwe1z,0
t3_1gxtgo,1
t3_lj85m,0
t3_15c8qv,1
t3_q778f,0
t3_kqzsi,0
t3_12gu82,0
t3_1dqrm6,0
t3_12huul,0
t3_wj027,0
t3_i7i3b,0
t3_jitty,1
t3_m14x5,0
t3_11b7u0,0
t3_1mqv2u,1
t3_idhoq,0
t3_1mqs3k,1
t3_ic5e8,0
t3_1ju5fx,1
t3_j7tkt,0
t3_1iffmt,0
t3_kse6r,0
t3_11n84b,0
t3_idt0z,0
t3_1nc07j,0
t3_s36vf,0
t3_16aay2,0
t3_ytpeu,0
t3_p9dk1,0
t3_sr2y9,0
t3_j61pf,0
t3_1ipzb6,0
t3_iysb4,0
t3_thr4f,0
t3_la5nq,1
t3_knm5x,0
t3_zm9r7,0
t3_iu9ym,1
t3_j8gep,1
t3_hyucu,0
t3_1b06cq,0
t3_195gj1,1
t3_lovls,0
t3_mcez6,0
t3_qljyk,0
t3_mktvg,0
t3_1na43q,1
t3_1lb8wo,1
t3_n7hld,0
t3_1cniet,0
t3_pgnh7,0
t3_m1t5z,0
t3_p6lib,0
t3_16sb6h,1
t3_lcrh0,0
t3_kiwh0,1
t3_mawlw,0
t3_1mjky0,1
t3_r6b3o,0
t3_s9n26,1
t3_rpal7,0
t3_q7dyq,0
t3_hlvzn,0
t3_14twts,1
t3_hy0vl,1
t3_13mlby,1
t3_1camld,0
t3_10w7r5,1
t3_s34yy,1
t3_1b3g0l,1
t3_1ms3tz,0
t3_hj6s8,0
t3_11hc8e,1
t3_i3735,0
t3_j4eym,0
t3_1muz45,1
t3_1dj6c7,0
t3_mejn4,1
t3_tzuki,0
t3_16a6dj,1
t3_i8n4m,0
t3_10nzqp,0
t3_18ct9a,0
t3_ljk9d,0
t3_1kwt69,0
t3_ikmen,0
t3_1gbd9e,0
t3_iz8dq,1
t3_rjw7q,1
t3_zb1dc,1
t3_1lxtkj,0
t3_rehh1,1
t3_iqrcx,1
t3_t3nc3,0
t3_1m52rm,0
t3_n2h3z,0
t3_vtlp2,0
t3_izj6q,0
t3_ivdnq,0
t3_oemz5,1
t3_iujkk,0
t3_socp8,1
t3_it7hc,0
t3_1igg5z,1
t3_j4khu,0
t3_wzfa1,1
t3_112lzf,0
t3_z3v1w,0
t3_no0um,0
t3_1mo8zt,1
t3_1j8z18,1
t3_xg56s,0
t3_17ma70,1
t3_1bbnw0,1
t3_1is63m,0
t3_1is1ux,0
t3_wxes5,0
t3_12f5oh,1
t3_1mxdoc,1
t3_k9jlk,0
t3_i7ioa,0
t3_k61z4,0
t3_j469t,0
t3_1ijbcz,0
t3_1j8ixk,1
t3_uzpvh,1
t3_1kbspq,0
t3_1mv50t,1
t3_ndoym,0
t3_p863y,1
t3_1n2twm,1
t3_o2oml,0
t3_jwnz8,0
t3_l8buk,0
t3_1ejjb2,1
t3_jht52,0
t3_i27g2,1
t3_13d6ne,0
t3_j9eo0,0
t3_1ciiv0,1
t3_11jhye,0
t3_1m4zxu,1
t3_pt8vm,0
t3_191xar,0
t3_pds2z,0
t3_1mjuld,1
t3_14t8xg,0
t3_ss0dh,0
t3_sgja0,0
t3_1kknhr,0
t3_k6lxr,0
t3_1052rl,0
t3_1czj2f,1
t3_1dvlba,0
t3_17ghsm,0
t3_ncvir,0
t3_ldp4g,0
t3_tjqlx,0
t3_idka5,0
t3_uhiez,1
t3_m812c,0
t3_1irscg,1
t3_wolhn,0
t3_ioy71,0
t3_17nyu7,0
t3_uhn9a,0
t3_110j9p,1
t3_1k1s3k,1
t3_jl3qt,0
t3_1n9ois,0
t3_19o5oe,0
t3_ui761,1
t3_13yilc,1
t3_ignyn,0
t3_mzbad,1
t3_1kj6vm,0
t3_1ju8pk,1
t3_1bydz5,1
t3_r9csz,1
t3_j4i0t,0
t3_lu5j6,0
t3_zu4k8,1
t3_m54xb,1
t3_10qb3u,1
t3_1gy00l,1
t3_ickz6,0
t3_zm5zn,0
t3_1a636c,0
t3_15e27u,0
t3_j50yu,1
t3_kdgmx,0
t3_hicex,1
t3_1dd7f2,0
t3_r06f9,1
t3_x4pq4,0
t3_kiww3,0
t3_htzpy,0
t3_m71dy,0
t3_1gx7x0,1
t3_ivboo,1
t3_lx6vx,0
t3_ibvs1,0
t3_t7fp4,0
t3_v3q5i,0
t3_j4dao,0
t3_srafm,0
t3_1msmge,0
t3_mmptc,1
t3_jvl3y,1
t3_ics7d,0
t3_kfn62,0
t3_rgbqw,0
t3_1lnq58,1
t3_ictp4,0
t3_17mt1s,0
t3_1jg9ol,1
t3_1cm709,0
t3_icw80,0
t3_158p5l,0
t3_xu0dn,1
t3_p7iuv,0
t3_kvu06,1
t3_131wfv,0
t3_1eheso,0
t3_12j06o,1
t3_ibstr,0
t3_18fbqf,1
t3_10q049,0
t3_oxp5l,0
t3_117ysu,0
t3_v99n6,1
t3_pvhrc,0
t3_im02c,0
t3_uqpwq,0
t3_j2tg7,0
t3_1lel1x,1
t3_j2nbu,0
t3_17ytyw,0
t3_wamb4,0
t3_1jwtws,1
t3_1msp19,0
t3_1fy1og,1
t3_17ng3y,1
t3_z5p0q,1
t3_1db8z4,0
t3_1ka3zb,1
t3_1bn5pb,1
t3_ik2xk,0
t3_14xb3r,0
t3_xdtyq,1
t3_1040za,0
t3_1moge8,1
t3_x1fef,0
t3_j1u1l,1
t3_16q61n,0
t3_mv3z8,0
t3_14mv11,0
t3_ndb38,0
t3_12ex9y,1
t3_1embfn,1
t3_1izvy4,1
t3_18zjcg,0
t3_zhovm,0
t3_uyapc,0
t3_1mj271,0
t3_zhkv6,0
t3_1ix7og,0
t3_js615,0
t3_17w2sb,0
t3_1ec6b4,0
t3_1iarcu,0
t3_idi7x,0
t3_icnlx,0
t3_j85wn,0
t3_1na78p,1
t3_1mwmio,1
t3_14th0i,0
t3_1ig60t,1
t3_19o0jm,1
t3_1if2i0,0
t3_kxvhy,1
t3_yh0nz,1
t3_pk4tr,0
t3_1msy9e,0
t3_1jgf2f,0
t3_1cxwqv,0
t3_igr0w,0
t3_13savj,0
t3_k0gwn,0
t3_rblfk,0
t3_hutkg,1
t3_mhiiv,0
t3_q2x4u,0
t3_1cndjm,0
t3_o2yuk,0
t3_od42n,0
t3_12psv7,0
t3_idljj,0
t3_ks6b5,0
t3_qqqde,0
t3_1nbkb1,0
t3_1htfb9,1
t3_uiu13,0
t3_ltkti,0
t3_olkfv,1
t3_r0big,0
t3_immo8,0
t3_146oos,1
t3_1gooei,1
t3_zm9vg,0
t3_kwqvy,0
t3_s1x66,0
t3_117p6o,1
t3_1e541d,0
t3_10qo7d,1
t3_1hfuh7,1
t3_rtp1p,1
t3_1o48ha,0
t3_o87o3,0
t3_1mq5l0,1
t3_vjcut,0
t3_19nobm,1
t3_1ippsx,0
t3_pzyzr,0
t3_z3g7m,0
t3_i0px8,0
t3_1l2b0y,0
t3_17cduq,1
t3_jk2h2,1
t3_mkt13,0
t3_huju7,1
t3_k6zs5,0
t3_sdaeq,1
t3_oxtrf,0
t3_19elkp,0
t3_ym8iw,1
t3_yjjw7,0
t3_wdbar,0
t3_iskfp,0
t3_sujw6,0
t3_17kpe8,0
t3_1ee34s,1
t3_1mzn97,0
t3_1a0f2i,1
t3_18v51p,0
t3_hws5c,0
t3_r7s05,1
t3_id8ti,0
t3_1hyxgy,0
t3_icjek,1
t3_14n620,0
t3_1d4jft,0
t3_k0isy,0
t3_yyutk,0
t3_rcvjr,0
t3_1enzdl,1
t3_1eek5u,1
t3_154jkb,0
t3_jq3x6,0
t3_12agz0,0
t3_logzt,0
t3_17ppx1,1
t3_n4zpe,0
t3_1bp1cv,0
t3_j0t5k,0
t3_nsp01,1
t3_j9z9o,0
t3_15cq1b,1
t3_1mfnsc,0
t3_1axe71,0
t3_pkcud,1
t3_1di6wv,0
t3_jo7cn,1
t3_www9d,1
t3_ko3e1,0
t3_1iuvj0,0
t3_1clmxr,1
t3_o1lf2,0
t3_jxo6o,0
t3_l268t,0
t3_1ne81h,1
t3_i5y2z,1
t3_sxbtk,1
t3_y2vbb,0
t3_1n8b9x,0
t3_1cklpz,1
t3_v0h9r,1
t3_12s9wy,1
t3_1ivwci,1
t3_vi8ls,1
t3_vvpm3,1
t3_jraz4,0
t3_nkgiv,0
t3_iarv8,0
t3_uqp0c,0
t3_ideq9,0
t3_k85y0,0
t3_1nuk19,0
t3_jip7h,1
t3_pfky1,0
t3_ugr68,0
t3_1c5whr,0
t3_yej9b,0
t3_lorft,0
t3_14fcmj,0
t3_jisdc,0
t3_p8jnr,0
t3_13ev91,1
t3_140iwp,0
t3_u1dfw,0
t3_ly96a,0
t3_pbco0,1
t3_1a94mq,0
t3_wapkt,0
t3_jn9sg,1
t3_johrr,0
t3_kf2km,0
t3_mwews,0
t3_16ecwy,0
t3_ngp84,0
t3_14oyob,0
t3_1iaxs2,1
t3_1h3nix,0
t3_lnk5x,0
t3_wanz0,0
t3_13ff4f,1
t3_vwaq0,1
t3_kai9o,1
t3_pgpnh,1
t3_w88ed,0
t3_wax7t,0
t3_1iw58q,0
t3_z928d,1
t3_16ung0,0
t3_13jfrb,0
t3_1eeqcs,0
t3_v0ale,0
t3_1bge05,1
t3_1eish8,0
t3_13mqgm,0
t3_1m5j1o,1
t3_xq7y2,0
t3_w3zne,1
t3_k9deb,0
t3_1iupr3,0
t3_qqs9k,0
t3_z9da6,0
t3_13q20v,0
t3_ihgzf,0
t3_112ec3,0
t3_w8f2v,0
t3_pbztp,1
t3_lboww,0
t3_huwzw,1
t3_lm8kd,1
t3_zmeup,0
t3_1j27e6,0
t3_n5shb,0
t3_n0a4q,0
t3_19d7h5,1
t3_mwyh8,1
t3_o7zs6,0
t3_ir5vi,0
t3_i1rqh,1
t3_ktf2k,0
t3_1llkg2,1
t3_sefhh,0
t3_n474p,1
t3_jt7po,1
t3_wnwt1,0
t3_1b2ij2,0
t3_xqjr2,0
t3_1nbual,1
t3_kppwl,0
t3_k78hk,0
t3_mkxkx,1
t3_1mcsc6,1
t3_1krjei,1
t3_10s848,0
t3_i4d2s,0
t3_iwjzw,1
t3_158xj0,0
t3_1lfquz,1
t3_1e3qus,1
t3_ix8ze,0
t3_ycl16,1
t3_qdwgl,0
t3_1ezo2x,1
t3_1mz84n,0
t3_1drofn,0
t3_zkn7o,1
t3_1kmnki,1
t3_1hgtzs,1
t3_1kla7d,0
t3_1dyte2,1
t3_121ck5,1
t3_1ldpxz,1
t3_1f66r9,0
t3_1lf8vi,1
t3_1lz2v9,1
t3_11r6hr,0
t3_123mtw,0
t3_18117p,0
t3_1mu0ab,0
t3_y0ano,0
t3_j7j1a,0
t3_1923em,0
t3_t02ly,0
t3_qvhd3,1
t3_1ig16d,1
t3_ooexu,1
t3_17jitq,1
t3_obtjw,0
t3_1iimqf,0
t3_1k6ahh,0
t3_jnzv0,0
t3_16ni9v,1
t3_13hmch,0
t3_wq8q1,0
t3_1lqgmi,1
t3_k4b7c,0
t3_14ym0h,1
t3_1fi3qg,1
t3_q2x4z,0
t3_yxiqm,1
t3_l92cy,1
t3_t12we,0
t3_vnmor,1
t3_ibsys,0
t3_1dfkhd,1
t3_t646u,0
t3_1hz5e6,1
t3_idewk,0
t3_lgixi,0
t3_iozuw,0
t3_149qai,0
t3_xvyh1,0
t3_mvoxn,0
t3_mkc0j,0
t3_13dupc,0
t3_mzewd,0
t3_hugjx,0
t3_w6xmi,0
t3_ifxnp,0
t3_jp4ch,0
t3_rrh0t,0
t3_isfa0,0
t3_10ck66,0
t3_jvv9g,0
t3_10w3p4,1
t3_jlluy,0
t3_iaeax,0
t3_ilwc6,0
t3_10vswh,1
t3_sd8rh,0
t3_j9ae8,0
t3_xh7vf,1
t3_p8bpo,1
t3_1mliru,0
t3_1jzamt,1
t3_1jic3g,1
t3_kuikd,0
t3_1jr3uk,0
t3_1d0hyy,0
t3_18jt3s,0
t3_jbsgs,1
t3_10fapa,1
t3_z9i75,0
t3_1b33f3,1
t3_i3pc3,1
t3_1iey96,0
t3_1isb15,0
t3_1mh9l8,0
t3_junbn,0
t3_tan10,0
t3_ofixj,0
t3_1iv83f,0
t3_15chud,0
t3_1kaciz,0
t3_1n43rn,1
t3_1ky68c,0
t3_wdx6w,1
t3_jcu7r,1
t3_i93jv,1
t3_np780,1
t3_s2w1y,0
t3_ja0xm,1
t3_idnpm,0
t3_w50hm,0
t3_q8v2x,0
t3_j61n8,1
t3_1aa9he,1
t3_1lr307,1
t3_1b1ve8,1
t3_jdpx4,0
t3_1j8sgl,0
t3_zqtrr,0
t3_1bc4f9,0
t3_ieouk,0
t3_1crw8q,1
t3_ttuo4,0
t3_jrc56,0
t3_kwlz2,0
t3_1ms6g8,0
t3_mugyw,0
t3_opm4a,1
t3_lhi6m,0
t3_r23hv,0
t3_1mvyrw,1
t3_1ae1va,1
t3_1ivbsx,0
t3_iv46f,1
t3_yc9h5,0
t3_1id27a,0
t3_n03eb,0
t3_1mwb3m,0
t3_1n2ihv,0
t3_1i4cxd,0
t3_12p3az,0
t3_wqfrv,1
t3_1fxjl8,1
t3_k2lih,0
t3_1liygh,0
t3_ukmmm,0
t3_10qj5i,0
t3_jawug,0
t3_iz7sq,0
t3_mndty,0
t3_1n2fv2,0
t3_15r3p6,0
t3_1cbum9,1
t3_p1xpj,0
t3_181wsu,1
t3_pvpg4,1
t3_1mgesx,1
t3_qmxqc,0
t3_y1r33,0
t3_t0q3u,0
t3_pjy1z,0
t3_i33gj,0
t3_lmy9r,0
t3_iubo8,1
t3_1mlub9,1
t3_1g78k5,0
t3_1da8ub,0
t3_1js4bg,1
t3_1c9wej,0
t3_pdky6,1
t3_1fxtdo,0
t3_o8mv5,1
t3_oe3zg,0
t3_y3lhk,0
t3_lu03g,1
t3_jdy60,0
t3_p4ovq,1
t3_tdlol,0
t3_1m9lk6,1
t3_10lit4,0
t3_j7x5w,0
t3_ijq9y,0
t3_1fttue,1
t3_t0h4b,0
t3_172ycb,1
t3_1la0rw,1
t3_x47st,0
t3_1fof55,1
t3_11newy,1
t3_n6oq8,0
t3_1a42uf,1
t3_nj0sk,0
t3_kc3fu,0
t3_jljn9,1
t3_jf62c,0
t3_1hs29l,1
t3_100mod,1
t3_kt6vc,0
t3_itf9z,0
t3_1b3bt4,0
t3_19vzo3,0
t3_1f84jw,0
t3_1ae5ay,1
t3_jzea8,0
t3_1idsgl,1
t3_wf6gt,1
t3_nbqjv,1
t3_qaj56,0
t3_jxa6b,0
t3_ip6t7,0
t3_wj9kf,0
t3_19ursh,1
t3_ixwsv,0
t3_191q66,1
t3_ldqcn,0
t3_z7mzq,0
t3_iyetm,0
t3_mh8t5,0
t3_1lqvcp,1
t3_18ic2n,1
t3_1iq30u,1
t3_j6xaf,0
t3_qg137,0
t3_ktlkm,0
t3_k3huv,1
t3_nu7h8,1
t3_ihb81,0
t3_1irhv8,0
t3_mdb8o,0
t3_1n52c1,1
t3_tn702,0
t3_v0nep,0
t3_16arv8,0
t3_nrhrl,1
t3_1ekg5c,1
t3_1eugkb,0
t3_iw7l2,0
t3_vrls9,1
t3_1lllet,0
t3_1hbh16,0
t3_10opse,0
t3_1evf1g,0
t3_11vbub,0
t3_o880l,1
t3_xtiat,0
t3_k0pr4,0
t3_ifay5,0
t3_1b34e5,0
t3_1g7wwn,0
t3_10usdp,0
t3_ioj2z,0
t3_11tekf,0
t3_1dw4g3,0
t3_1mjbbl,0
t3_15j2fq,1
t3_iaaw6,0
t3_152asi,1
t3_1l8aoa,0
t3_1c796y,1
t3_iv8qd,0
t3_16sh48,0
t3_1mvimj,0
t3_nonc4,1
t3_pbukx,1
t3_1mnvoy,1
t3_sgkt6,0
t3_1fq4v3,1
t3_l8bnw,1
t3_1fches,1
t3_13uvd9,0
t3_i9m36,1
t3_kyojf,0
t3_vc5bs,1
t3_1iax6l,0
t3_o0m9i,0
t3_18t5ru,0
t3_13btoa,1
t3_kqjm9,1
t3_145qyc,1
t3_s71nl,0
t3_vv6uo,0
t3_rk5ky,0
t3_lag2x,0
t3_1i24vy,0
t3_ifuib,0
t3_1bkxgh,0
t3_yte0l,0
t3_nyz8j,0
t3_167owz,0
t3_lb3k5,1
t3_13t0rv,0
t3_122usf,0
t3_1c3y33,0
t3_ibsx7,1
t3_1bs9o1,1
t3_1itzxj,0
t3_kl5c3,0
t3_1izixi,1
t3_ytnaq,0
t3_11v2e3,0
t3_1mltme,1
t3_10h4k4,1
t3_id7yh,0
t3_1dl1qp,0
t3_icm7l,1
t3_16ck3r,0
t3_1iwt3k,1
t3_kfq6s,0
t3_1btika,1
t3_w1pfu,0
t3_lc8mi,1
t3_1ipj85,1
t3_1cfki8,0
t3_kyju4,1
t3_jrg2c,0
t3_llc55,1
t3_ksmnr,0
t3_lmjz4,0
t3_1imrjn,1
t3_1kwu2y,0
t3_1lhq2y,0
t3_11l87d,1
t3_hpywv,1
t3_jfsbk,0
t3_jb971,0
t3_sbnbg,0
t3_lp00f,0
t3_v7j8q,0
t3_1is946,1
t3_15jae7,0
t3_12laxd,0
t3_mco6j,1
t3_14ghqp,0
t3_qu5fp,0
t3_16hp47,0
t3_w1vg8,0
t3_z409k,0
t3_1e95a5,0
t3_1eje4d,1
t3_xsjf7,0
t3_jvvwh,0
t3_18qrhq,1
t3_1l6t09,1
t3_17gtl5,0
t3_1jhwvy,1
t3_uisoe,0
t3_1iv3t8,0
t3_kvqy9,1
t3_m3daq,0
t3_xhk47,0
t3_wqdty,0
t3_wnhw8,0
t3_1arvbn,1
t3_1fhosp,1
t3_1cchg5,0
t3_1noimn,0
t3_k7vda,0
t3_l55gf,0
t3_hxw63,1
t3_u0b4w,1
t3_1id1k2,1
t3_1lh7k2,0
t3_14i72s,0
t3_m29yl,0
t3_ixnia,0
t3_j680o,0
t3_n5pmp,1
t3_ioo07,0
t3_lhpd4,0
t3_odm02,1
t3_1l0u6j,0
t3_1h0m8k,1
t3_w3yw4,0
t3_xoxju,0
t3_14cptr,0
t3_1bvvu0,0
t3_n36b7,0
t3_pgzcv,0
t3_1b0sq9,0
t3_jbte8,0
t3_j3px1,0
t3_wzo6q,1
t3_ibtzv,0
t3_kpk2i,0
t3_hv3vp,0
t3_lput5,0
t3_rtwya,0
t3_xk5kb,0
t3_p77uu,1
t3_yxkq4,0
t3_isvki,0
t3_m9dxg,0
t3_1idz1m,0
t3_ov4nz,0
t3_1lqd46,0
t3_144qbb,0
t3_i3nn5,0
t3_1ll0sz,1
t3_j1btq,0
t3_l1wdk,0
t3_jjv8e,0
t3_tgqmn,1
t3_xbms1,1
t3_17aeua,1
t3_ldtwg,0
t3_l4llm,0
t3_psmo2,1
t3_14ulsq,0
t3_jm0cw,0
t3_1o8uuk,1
t3_1mryfn,1
t3_il4q6,0
t3_j4gi2,0
t3_115nea,0
t3_1cjmkr,0
t3_i4fmt,1
t3_14se28,0
t3_lj9bn,1
t3_kowq2,0
t3_17lqrn,1
t3_nyxfh,0
t3_ihkf2,0
t3_knh6v,0
t3_mmxzg,0
t3_t24ui,1
t3_1gtx8l,1
t3_q35zd,0
t3_1ard8p,0
t3_n9saq,0
t3_qv82g,1
t3_kq9e3,0
t3_13deln,0
t3_hyvp0,1
t3_v6wse,0
t3_ts55w,1
t3_i98md,0
t3_j2cxp,0
t3_11ctig,0
t3_vr626,0
t3_kflut,0
t3_172zvl,0
t3_q05jo,0
t3_1o2zxa,0
t3_ojsi7,1
t3_hu8l7,0
t3_kwquh,0
t3_lb0vv,0
t3_13lllw,1
t3_1kavsa,1
t3_14bkx0,0
t3_zslif,1
t3_iznw0,0
t3_mhhwl,0
t3_hvsln,0
t3_mk1nh,1
t3_i88xi,0
t3_whd66,0
t3_18q30e,0
t3_jaaif,0
t3_1nc5g7,0
t3_1gx5ao,0
t3_1mluew,0
t3_185nib,0
t3_t1mhf,0
t3_1n5996,0
t3_xb4id,1
t3_13vgju,1
t3_pdxll,0
t3_19li6x,0
t3_v4h27,0
t3_19y0r3,0
t3_14kjyt,0
t3_tynyu,0
t3_uoddl,0
t3_1cyyax,0
t3_uvoyu,1
t3_1cq4g9,0
t3_1ejqxg,0
t3_tqpmx,1
t3_m95c2,0
t3_ic3dt,0
t3_lm2ed,0
t3_kwodq,0
t3_1exnem,1
t3_1epr8n,1
t3_wwdjm,0
t3_1i5hgm,0
t3_xx4f6,0
t3_mzuts,0
t3_lcs2n,1
t3_19amcp,0
t3_1mmcps,0
t3_vt5pw,0
t3_q21uq,0
t3_132u9h,0
t3_usk00,0
t3_w4fdd,0
t3_uzcgo,1
t3_vcn3x,0
t3_pygld,1
t3_16glz7,0
t3_1nabmc,0
t3_1gtku5,1
t3_leebc,0
t3_jm6dr,0
t3_i3mry,1
t3_10s5ql,0
t3_i3ms5,1
t3_12p0tt,1
t3_zpn24,0
t3_16soun,0
t3_nj6st,0
t3_1j65wv,1
t3_yumwm,0
t3_nmkka,0
t3_1mjbbd,0
t3_lcqaj,0
t3_ibua5,1
t3_qnocf,0
t3_mdvgl,1
t3_j541g,0
t3_kt4mf,0
t3_13xx66,0
t3_11hoxm,0
t3_12u2jb,0
t3_zpqs4,0
t3_nghtu,0
t3_14szq5,0
t3_15i1xz,1
t3_w5491,0
t3_ivhw5,0
t3_iarpn,0
t3_j51j8,1
t3_qqzpt,0
t3_1ik128,1
t3_z8w20,0
t3_1db2db,0
t3_loudp,0
t3_jji1s,0
t3_1fiyu3,1
t3_14tosq,0
t3_t23ob,0
t3_w8mfc,0
t3_1lnjv7,1
t3_wq5xv,0
t3_1azv0d,0
t3_ijcon,0
t3_u69ow,0
t3_kv7mk,0
t3_mifik,0
t3_l1xkw,0
t3_hutzt,1
t3_14usz1,1
t3_10fn4p,0
t3_1chlic,1
t3_1j1mip,0
t3_kuhnn,0
t3_ur5yf,1
t3_kexw6,0
t3_iw7xs,1
t3_z7mrn,1
t3_1loan8,0
t3_1ihhx4,1
t3_1fhxaf,0
t3_rehrg,1
t3_1mekgd,1
t3_jaweo,1
t3_1d4qgk,1
t3_12mvhx,0
t3_10hdxb,1
t3_ifsip,0
t3_1iveja,1
t3_1ea7ee,1
t3_j8fnb,0
t3_1kds2h,1
t3_mc7e2,0
t3_mku4m,0
t3_hucws,0
t3_rgg9c,1
t3_ko99d,1
t3_1ixzy0,0
t3_v0gb8,0
t3_1l0ugy,1
t3_1kty6v,0
t3_jxqv7,0
t3_ojq68,0
t3_11yryj,0
t3_1ifvtx,0
t3_zyecc,0
t3_1ii4ol,0
t3_j4hdb,0
t3_1i3rkt,0
t3_16aprw,1
t3_og5ox,0
t3_1kwha4,1
t3_jf00i,0
t3_i5pg4,0
t3_12zfh3,0
t3_uknh3,0
t3_id2sv,0
t3_n01xw,0
t3_14svg6,0
t3_u9pvk,0
t3_19npzl,0
t3_1i92ag,1
t3_zaiqv,0
t3_s4o1h,0
t3_1ivbrp,1
t3_1m08k0,0
t3_1kawvx,0
t3_16atpc,0
t3_sp8xg,1
t3_pk4g1,1
t3_jb396,0
t3_14j1b2,0
t3_ktlwy,0
t3_156mis,0
t3_sdado,0
t3_qfg06,0
t3_jua19,1
t3_1j4lyi,1
t3_1lojow,1
t3_1dr9hu,1
t3_11uo28,0
t3_j94no,1
t3_ihorg,0
t3_va5vp,0
t3_114c6l,0
t3_x2cnf,0
t3_rgjgq,0
t3_106jdn,1
t3_1mur9b,0
t3_16ufd0,1
t3_kly2k,0
t3_izrhe,0
t3_1kl9m5,1
t3_ulsv8,0
t3_rf5th,0
t3_1eaao7,1
t3_1eudfd,0
t3_r7olz,1
t3_1dj9ut,1
t3_y9vxk,0
t3_1mg1x9,0
t3_sya7k,0
t3_n1r1p,1
t3_1mz7p9,0
t3_ohij5,1
t3_11lvl7,0
t3_1l5cvv,0
t3_soxzw,0
t3_144kkd,0
t3_kwsfa,0
t3_j0qo2,0
t3_r2m63,1
t3_xiokb,0
t3_nxcek,0
t3_12vpph,1
t3_1lf2wo,0
t3_qqotp,0
t3_mtthu,1
t3_mow2w,0
t3_j6433,0
t3_xg214,0
t3_1jdhpr,0
t3_icpji,0
t3_l9g0n,0
t3_ikszl,0
t3_1enrol,1
t3_1erbgm,1
t3_js36w,0
t3_1na7ht,0
t3_zd5vd,0
t3_idifo,0
t3_xtx62,1
t3_1ifnr4,0
t3_iskru,0
t3_13fk4e,0
t3_ilau5,0
t3_ig63z,0
t3_uotiq,0
t3_1jlnc4,1
t3_iekd3,0
t3_125dqb,1
t3_181qem,0
t3_m5ara,0
t3_qryga,0
t3_p53xp,0
t3_1kgyak,0
t3_pr90u,0
t3_1adzzj,0
t3_16edjg,1
t3_1b7ieh,1
t3_19gv1n,1
t3_1jul47,0
t3_1jq0uq,0
t3_10qvae,1
t3_1f2c2c,1
t3_o8aso,1
t3_1ehbb9,0
t3_o4fyx,0
t3_s58wn,0
t3_m7to4,0
t3_1lnwkl,1
t3_18pu7k,0
t3_wgk03,0
t3_1j6osm,0
t3_kdmru,0
t3_1jwt8f,1
t3_l0vt2,0
t3_1mgmjf,1
t3_18zn0d,0
t3_l8o26,0
t3_1o0isr,1
t3_oepok,0
t3_1i3qda,1
t3_ranon,0
t3_xu9k9,0
t3_1dna10,1
t3_117rme,0
t3_xeser,1
t3_mu4o6,0
t3_14t0bl,1
t3_17vccr,0
t3_vrgzp,1
t3_mu4mz,0
t3_jrp9c,0
t3_zvogg,1
t3_kfxsm,0
t3_1loncc,0
t3_1j485g,0
t3_19eisi,1
t3_1ifvl5,0
t3_xyfbi,0
t3_w1omy,0
t3_zq2wq,0
t3_kqvcx,0
t3_kwqew,0
t3_ibvsg,1
t3_t4ez0,0
t3_1a582e,0
t3_rqgfm,0
t3_l9xcf,1
t3_1f530o,0
t3_ien0r,0
t3_ictg3,0
t3_k7vh5,0
t3_1894ni,0
t3_zqykg,1
t3_rsdxz,0
t3_ihn52,0
t3_1jkz28,1
t3_1jgj2w,1
t3_js9be,0
t3_ll3uk,0
t3_rs4l6,0
t3_wbugq,0
t3_j4mle,0
t3_nejwm,1
t3_1cyddp,0
t3_i3una,0
t3_jtkzo,1
t3_1ii7cp,1
t3_1a35ag,1
t3_k2z7f,1
t3_182nt8,0
t3_15c5u0,0
t3_1fhvt9,1
t3_zqxgi,0
t3_ukobz,0
t3_iqm6n,0
t3_l7opc,0
t3_tpezd,0
t3_1dcflh,0
t3_xd34k,0
t3_m83cv,0
t3_1ich4u,0
t3_12cxk6,0
t3_rrrzo,1
t3_1btsrs,1
t3_152l21,0
t3_1lvypa,0
t3_xhaqr,1
t3_1fgtb1,0
t3_wko45,0
t3_1iupjn,0
t3_qvf9b,0
t3_1enx5y,0
t3_vk1v9,1
t3_my0ag,0
t3_1j1w1c,0
t3_170xyf,0
t3_1j64hc,1
t3_rowqk,0
t3_12b5qz,0
t3_1i5vnp,1
t3_1bkedk,0
t3_17z4w1,0
t3_lupna,0
t3_1ktyev,1
t3_15uyq3,1
t3_1hfald,0
t3_l3b0f,0
t3_1naboz,0
t3_j1qeu,0
t3_huzao,1
t3_jp7f2,0
t3_1d6c1g,0
t3_rox61,0
t3_ijlic,0
t3_18zjs4,0
t3_14sy0u,1
t3_n955o,0
t3_nwvan,0
t3_iw9on,0
t3_14sl4k,0
t3_kx5og,0
t3_109v9l,0
t3_1ldbvm,1
t3_1ibc21,0
t3_w7yx5,1
t3_sybz5,0
t3_1bnt9w,0
t3_jh8y1,0
t3_jxmc6,0
t3_18920c,1
t3_129a5o,0
t3_1inlzm,1
t3_u5j5m,0
t3_lwhkp,1
t3_ig6ya,0
t3_12mgtt,0
t3_11vgte,0
t3_ugj52,0
t3_1glla8,1
t3_rdkc5,0
t3_ide15,1
t3_1itvb5,0
t3_j0st7,1
t3_172og2,0
t3_jkv3u,0
t3_1n79du,1
t3_14kyrf,0
t3_v8h8a,1
t3_183m94,0
t3_1ibemu,0
t3_1lvls3,1
t3_120yqf,0
t3_1keu39,0
t3_1nphr4,1
t3_u027s,1
t3_li286,0
t3_kj1lv,0
t3_198a81,0
t3_xz123,0
t3_k6rmw,0
t3_1mgs2z,1
t3_1ih7n3,0
t3_13lfl3,0
t3_jpw8a,0
t3_jvm5p,0
t3_nztz2,0
t3_12hn0h,0
t3_19z0qn,0
t3_ry4te,1
t3_ic26b,0
t3_1bz3zy,0
t3_zm7qd,0
t3_oqt9r,0
t3_murn6,0
t3_1hrzcx,1
t3_mwopz,0
t3_mxsww,0
t3_mupj4,0
t3_lbp8d,0
t3_121dl9,1
t3_w0kpu,0
t3_nej3o,0
t3_zwsoy,0
t3_jxdjg,0
t3_1czlly,1
t3_stuny,0
t3_1bhd85,0
t3_1cisli,0
t3_1m6mpd,1
t3_n8wlx,0
t3_jyqjt,1
t3_192rjt,0
t3_nucpj,1
t3_lsmt9,0
t3_kps7l,0
t3_mzx23,0
t3_tfksg,1
t3_182dmn,1
t3_y3kvw,0
t3_kvzub,0
t3_oqnnx,1
t3_slnqa,0
t3_nh302,0
t3_1g8kf3,1
t3_kseg4,0
t3_jmdii,0
t3_oqsen,0
t3_1d4ncf,1
t3_lqp0x,1
t3_mn8cj,0
t3_itu81,0
t3_jd4dp,0
t3_18pvdc,1
t3_1mtdc3,1
t3_uvavy,1
t3_m6ue5,1
t3_t5k9r,1
t3_1j2osp,0
t3_kng31,0
t3_ytlye,0
t3_19t34q,0
t3_105fpq,0
t3_1jgp51,0
t3_16y5eo,1
t3_lyd1s,1
t3_1lhuir,0
t3_ihosh,0
t3_o65jc,0
t3_iwmc6,0
t3_11rkqa,0
t3_144hee,0
t3_12z8ak,0
t3_1mh8hd,1
t3_ionv5,0
t3_1mwwu5,1
t3_i96xd,0
t3_11xfys,0
t3_ilzjk,0
t3_jf70p,0
t3_rn074,1
t3_w3crb,0
t3_xnxyn,0
t3_nef5s,1
t3_14avuh,0
t3_ikcon,0
t3_nklm9,0
t3_1crha6,1
t3_10oumf,0
t3_1jjc4n,0
t3_jytd5,0
t3_ryibd,0
t3_1dw266,0
t3_1copha,0
t3_1ek27q,0
t3_y8jp8,0
t3_11zb19,1
t3_hj1hr,0
t3_15ybss,0
t3_1fw7rg,0
t3_1dnhcy,0
t3_ri2u2,1
t3_opi8d,0
t3_1eilsp,1
t3_s1p9n,1
t3_w3orz,0
t3_lgvxn,1
t3_wyilc,1
t3_ljea8,1
t3_l0zas,0
t3_ob19a,0
t3_uiv13,1
t3_rzwq8,0
t3_rzw92,0
t3_i5c8j,0
t3_ibfwq,1
t3_1ig46p,0
t3_1mgzi5,0
t3_utb09,0
t3_j1gwx,0
t3_ji284,0
t3_1lluvd,1
t3_j06yw,0
t3_1695wp,0
t3_k5s93,1
t3_m1rph,0
t3_penyh,0
t3_mz299,0
t3_ucqi3,1
t3_nfga2,1
t3_so8v3,0
t3_1lefgo,1
t3_m2ot3,0
t3_ilrar,0
t3_1ld5j6,1
t3_o2vp7,0
t3_12einf,1
t3_11e5xk,0
t3_1l2skl,0
t3_1lvmjt,0
t3_1ixemj,0
t3_1io64d,1
t3_oo525,1
t3_1nvvnk,1
t3_1ehki4,1
t3_v259r,0
t3_wo39k,1
t3_ixx53,0
t3_1num5h,1
t3_pvqb0,0
t3_1bna25,0
t3_1im2is,0
t3_j853t,0
t3_1hpv57,0
t3_1lzcwr,0
t3_1f77ml,0
t3_q875f,0
t3_189pw1,1
